Step,Time,Vehicles,J1_Phase,J2_Phase,J1_Queue,J2_Queue,Total_Queue,Network_Delay
10,10,2,0,-1,0,0,0,0.0
20,20,21,0,-1,0,0,0,0.0
30,30,21,0,-1,0,0,0,0.0
40,40,21,0,-1,1,0,1,4.5
50,50,21,1,-1,2,0,2,6.333333333333333
60,60,21,2,-1,1,0,1,1.0
70,70,21,2,-1,1,0,1,8.4
80,80,21,2,-1,2,0,2,16.6
90,90,21,3,-1,2,0,2,22.166666666666668
100,100,21,0,-1,3,0,3,1.625
110,110,20,0,-1,4,0,4,6.5
120,120,20,0,-1,2,0,2,5.0
130,130,18,0,-1,2,0,2,8.125
140,140,16,1,-1,3,0,3,14.285714285714286
150,150,16,2,-1,0,0,0,5.0
160,160,13,2,-1,0,0,0,11.666666666666666
170,170,12,2,-1,0,0,0,16.666666666666668
180,180,11,2,-1,0,0,0,22.0
190,190,9,0,-1,0,0,0,0.0
200,200,7,0,-1,0,0,0,0.0
210,210,6,0,-1,0,0,0,0.0
220,220,5,0,-1,0,0,0,0.0
230,230,26,0,-1,0,0,0,2.8
240,240,25,2,-1,1,0,1,7.0
250,250,24,2,-1,1,0,1,14.2
260,260,24,2,-1,1,0,1,18.5
270,270,24,2,-1,1,0,1,21.571428571428573
280,280,23,3,-1,1,0,1,7.285714285714286
290,290,22,0,-1,0,0,0,0.0
300,300,19,0,-1,1,0,1,0.4
310,310,17,0,-1,2,0,2,5.0
320,320,16,0,-1,2,0,2,10.0
330,330,16,1,-1,3,0,3,12.8
340,340,16,2,-1,2,0,2,4.166666666666667
350,350,15,2,-1,1,0,1,12.333333333333334
360,360,15,2,-1,1,0,1,17.714285714285715
370,370,13,3,-1,1,0,1,16.833333333333332
380,380,12,0,-1,1,0,1,0.16666666666666666
390,390,8,0,-1,0,0,0,0.0
400,400,8,0,-1,0,0,0,0.0
410,410,7,0,-1,0,0,0,1.25
420,420,7,0,-1,1,0,1,6.0
430,430,6,2,-1,1,0,1,9.2
440,440,27,2,-1,1,0,1,14.666666666666666
450,450,27,2,-1,1,0,1,19.714285714285715
460,460,26,2,-1,1,0,1,13.833333333333334
470,470,26,0,-1,0,0,0,5.5
480,480,24,0,-1,1,0,1,0.8571428571428571
490,490,21,0,-1,1,0,1,3.2
500,500,19,0,-1,1,0,1,6.5
510,510,19,0,-1,2,0,2,10.6
520,520,18,1,-1,2,0,2,18.6
530,530,18,2,-1,1,0,1,8.833333333333334
540,540,18,2,-1,1,0,1,13.285714285714286
550,550,18,2,-1,1,0,1,6.428571428571429
560,560,18,3,-1,1,0,1,10.142857142857142
570,570,17,0,-1,1,0,1,0.5714285714285714
580,580,14,0,-1,1,0,1,1.2857142857142858
590,590,10,0,-1,1,0,1,4.75
600,600,9,0,-1,1,0,1,7.25
610,610,8,1,-1,1,0,1,9.75
620,620,8,2,-1,0,0,0,2.4
630,630,6,2,-1,0,0,0,8.0
640,640,6,2,-1,1,0,1,1.6
650,650,26,2,-1,1,0,1,3.6
660,660,25,0,-1,0,0,0,0.0
670,670,25,0,-1,1,0,1,0.8333333333333334
680,680,21,0,-1,1,0,1,5.0
690,690,19,0,-1,1,0,1,12.5
700,700,17,0,-1,1,0,1,35.0
710,710,17,2,-1,2,0,2,0.0
720,720,17,2,-1,1,0,1,1.3333333333333333
730,730,17,2,-1,2,0,2,6.25
740,740,17,2,-1,2,0,2,10.6
750,750,16,3,-1,2,0,2,16.6
760,760,15,0,-1,2,0,2,0.4
770,770,14,0,-1,1,0,1,2.4
780,780,12,0,-1,1,0,1,5.5
790,790,11,0,-1,2,0,2,10.0
800,800,11,1,-1,2,0,2,14.0
810,810,11,2,-1,0,0,0,4.166666666666667
820,820,10,2,-1,0,0,0,1.8333333333333333
830,830,9,2,-1,0,0,0,4.833333333333333
840,840,9,3,-1,1,0,1,7.285714285714286
850,850,8,0,-1,0,0,0,0.14285714285714285
860,860,26,0,-1,0,0,0,2.2
870,870,25,0,-1,1,0,1,0.8
880,880,23,0,-1,1,0,1,4.0
890,890,22,0,-1,1,0,1,10.75
900,900,22,2,-1,0,0,0,8.8
910,910,22,2,-1,1,0,1,0.0
920,920,22,2,-1,1,0,1,1.1428571428571428
930,930,21,2,-1,1,0,1,2.5714285714285716
940,940,18,0,-1,2,0,2,1.8
950,950,18,0,-1,0,0,0,0.0
960,960,16,0,-1,0,0,0,0.0
970,970,14,0,-1,0,0,0,3.5
980,980,13,0,-1,0,0,0,8.5
990,990,13,1,-1,0,0,0,10.8
1000,1000,12,2,-1,2,0,2,1.2
1010,1010,12,2,-1,2,0,2,5.0
1020,1020,12,2,-1,2,0,2,8.333333333333334
1030,1030,11,3,-1,2,0,2,13.333333333333334
1040,1040,10,0,-1,3,0,3,2.5
1050,1050,9,0,-1,1,0,1,2.857142857142857
1060,1060,9,0,-1,1,0,1,4.375
1070,1070,29,0,-1,1,0,1,6.875
1080,1080,28,1,-1,1,0,1,11.75
1090,1090,28,2,-1,1,0,1,7.666666666666667
1100,1100,27,2,-1,2,0,2,9.88888888888889
1110,1110,26,2,-1,2,0,2,13.222222222222221
1120,1120,23,2,-1,2,0,2,21.285714285714285
1130,1130,21,0,-1,1,0,1,16.666666666666668
1140,1140,21,0,-1,1,0,1,16.285714285714285
1150,1150,18,0,-1,3,0,3,27.8
1160,1160,18,0,-1,3,0,3,29.833333333333332
1170,1170,16,0,-1,3,0,3,43.8
1180,1180,16,2,-1,3,0,3,5.833333333333333
1190,1190,14,2,-1,0,0,0,0.8
1200,1200,14,2,-1,0,0,0,2.3333333333333335
1210,1210,11,2,-1,0,0,0,6.0
1220,1220,11,3,-1,0,0,0,9.6
1230,1230,11,0,-1,0,0,0,6.5
1240,1240,10,0,-1,0,0,0,12.333333333333334
1250,1250,10,0,-1,1,0,1,17.142857142857142
1260,1260,10,0,-1,1,0,1,22.5
1270,1270,9,1,-1,1,0,1,2.625
1280,1280,30,2,-1,0,0,0,0.0
1290,1290,30,2,-1,0,0,0,0.0
1300,1300,28,2,-1,1,0,1,0.5555555555555556
1310,1310,27,3,-1,2,0,2,4.777777777777778
1320,1320,25,0,-1,0,0,0,6.125
1330,1330,22,0,-1,0,0,0,13.166666666666666
1340,1340,21,0,-1,0,0,0,18.166666666666668
1350,1350,21,0,-1,1,0,1,20.571428571428573
1360,1360,20,0,-1,1,0,1,2.142857142857143
1370,1370,20,2,-1,0,0,0,0.0
1380,1380,19,2,-1,0,0,0,1.0
1390,1390,16,2,-1,1,0,1,5.166666666666667
1400,1400,15,2,-1,1,0,1,10.166666666666666
1410,1410,15,0,-1,2,0,2,3.7142857142857144
1420,1420,14,0,-1,0,0,0,0.0
1430,1430,9,0,-1,0,0,0,0.0
1440,1440,8,0,-1,1,0,1,1.6666666666666667
1450,1450,8,0,-1,2,0,2,2.25
1460,1460,8,1,-1,2,0,2,5.8
1470,1470,8,2,-1,0,0,0,0.0
1480,1480,7,2,-1,0,0,0,0.0
1490,1490,27,2,-1,1,0,1,0.0
1500,1500,27,3,-1,3,0,3,2.857142857142857
1510,1510,26,0,-1,0,0,0,3.2857142857142856
1520,1520,26,0,-1,0,0,0,5.375
1530,1530,25,0,-1,0,0,0,8.75
1540,1540,24,0,-1,2,0,2,0.5
1550,1550,23,1,-1,2,0,2,3.0
1560,1560,22,2,-1,0,0,0,0.0
1570,1570,21,2,-1,3,0,3,1.5
1580,1580,19,2,-1,4,0,4,7.571428571428571
1590,1590,19,2,-1,5,0,5,16.25
1600,1600,19,0,-1,4,0,4,4.555555555555555
1610,1610,19,0,-1,3,0,3,5.0
1620,1620,16,0,-1,2,0,2,10.571428571428571
1630,1630,15,0,-1,2,0,2,7.571428571428571
1640,1640,15,0,-1,2,0,2,9.125
1650,1650,14,2,-1,2,0,2,5.75
1660,1660,12,2,-1,1,0,1,0.625
1670,1670,12,2,-1,1,0,1,3.888888888888889
1680,1680,12,2,-1,2,0,2,7.5
1690,1690,12,3,-1,3,0,3,11.909090909090908
1700,1700,33,0,-1,4,0,4,6.636363636363637
1710,1710,33,0,-1,3,0,3,8.166666666666666
1720,1720,30,0,-1,2,0,2,7.2727272727272725
1730,1730,28,0,-1,2,0,2,10.0
1740,1740,26,1,-1,2,0,2,13.333333333333334
1750,1750,26,2,-1,0,0,0,0.2
1760,1760,24,2,-1,1,0,1,3.2222222222222223
1770,1770,23,2,-1,1,0,1,7.111111111111111
1780,1780,21,3,-1,2,0,2,14.75
1790,1790,21,0,-1,1,0,1,2.3333333333333335
1800,1800,17,0,-1,0,0,0,4.666666666666667
1810,1810,16,0,-1,1,0,1,0.3333333333333333
1820,1820,15,0,-1,1,0,1,2.0
1830,1830,14,0,-1,1,0,1,3.6666666666666665
1840,1840,13,2,-1,0,0,0,0.0
1850,1850,11,2,-1,1,0,1,1.2
1860,1860,10,2,-1,1,0,1,5.2
1870,1870,9,2,-1,2,0,2,10.6
1880,1880,9,0,-1,2,0,2,10.333333333333334
1890,1890,7,0,-1,0,0,0,12.8
1900,1900,6,0,-1,0,0,0,0.0
1910,1910,27,0,-1,0,0,0,0.0
1920,1920,24,0,-1,0,0,0,0.0
1930,1930,23,1,-1,0,0,0,0.0
1940,1940,23,2,-1,0,0,0,1.2
1950,1950,22,2,-1,0,0,0,4.0
1960,1960,22,2,-1,0,0,0,7.666666666666667
1970,1970,20,3,-1,0,0,0,15.2
1980,1980,20,0,-1,1,0,1,13.666666666666666
1990,1990,18,0,-1,0,0,0,0.0
2000,2000,17,0,-1,0,0,0,0.0
2010,2010,17,0,-1,0,0,0,0.0
2020,2020,16,1,-1,0,0,0,0.0
2030,2030,15,2,-1,1,0,1,1.6
2040,2040,14,2,-1,1,0,1,3.6
2050,2050,13,2,-1,1,0,1,5.6
2060,2060,13,2,-1,1,0,1,7.666666666666667
2070,2070,12,0,-1,0,0,0,3.5
2080,2080,12,0,-1,2,0,2,0.0
2090,2090,11,0,-1,2,0,2,2.5
2100,2100,9,0,-1,2,0,2,5.714285714285714
2110,2110,8,0,-1,3,1,4,9.714285714285714
2120,2120,28,2,-1,3,0,3,1.8571428571428572
2130,2130,26,2,-1,0,0,0,2.3333333333333335
2140,2140,25,2,-1,1,0,1,7.4
2150,2150,24,2,-1,1,0,1,15.4
2160,2160,24,3,-1,2,0,2,19.5
2170,2170,23,0,-1,1,0,1,0.0
2180,2180,20,0,-1,0,0,0,0.0
2190,2190,20,0,-1,0,0,0,0.0
2200,2200,17,0,-1,0,0,0,0.0
2210,2210,15,1,-1,0,0,0,0.0
2220,2220,15,2,-1,1,0,1,4.5
2230,2230,14,2,-1,2,0,2,10.75
2240,2240,14,2,-1,2,0,2,20.75
2250,2250,14,3,-1,3,0,3,26.4
2260,2260,13,0,-1,2,0,2,0.8
2270,2270,12,0,-1,1,0,1,0.4
2280,2280,9,0,-1,0,0,0,0.0
2290,2290,9,0,-1,0,0,0,0.0
2300,2300,7,0,-1,0,0,0,0.0
2310,2310,6,2,-1,1,0,1,0.0
2320,2320,6,2,-1,1,0,1,3.4
2330,2330,27,2,-1,2,0,2,8.666666666666666
2340,2340,27,2,-1,2,0,2,13.857142857142858
2350,2350,27,0,-1,2,0,2,0.0
2360,2360,26,0,-1,0,0,0,0.0
2370,2370,22,0,-1,1,0,1,1.0
2380,2380,20,0,-1,1,0,1,3.75
2390,2390,19,0,-1,1,0,1,7.25
2400,2400,18,1,-1,1,0,1,12.25
2410,2410,18,2,-1,1,0,1,6.6
2420,2420,17,2,-1,1,0,1,10.6
2430,2430,17,2,-1,2,0,2,13.166666666666666
2440,2440,17,3,-1,2,0,2,6.571428571428571
2450,2450,15,0,-1,0,1,1,0.5
2460,2460,13,0,-1,1,1,2,3.2
2470,2470,12,0,-1,1,1,2,7.2
2480,2480,11,0,-1,1,0,1,6.0
2490,2490,10,1,-1,1,0,1,10.0
2500,2500,10,2,-1,0,0,0,4.5
2510,2510,9,2,-1,1,0,1,8.833333333333334
2520,2520,9,2,-1,1,0,1,13.428571428571429
2530,2530,8,2,-1,1,0,1,10.857142857142858
2540,2540,28,0,-1,0,0,0,0.0
2550,2550,28,0,-1,1,0,1,0.75
2560,2560,27,0,-1,1,0,1,2.0
2570,2570,25,0,-1,2,0,2,6.571428571428571
2580,2580,24,0,-1,3,0,3,13.857142857142858
2590,2590,24,2,-1,4,0,4,10.375
2600,2600,24,2,-1,1,0,1,12.444444444444445
2610,2610,24,2,-1,3,0,3,17.8
2620,2620,24,2,-1,3,0,3,7.909090909090909
2630,2630,24,3,-1,3,0,3,10.833333333333334
2640,2640,23,0,-1,1,0,1,0.08333333333333333
2650,2650,21,0,-1,0,0,0,1.0
2660,2660,19,0,-1,0,0,0,0.0
2670,2670,14,0,-1,0,0,0,1.3333333333333333
2680,2680,12,1,-1,0,0,0,3.6
2690,2690,12,2,-1,1,0,1,6.833333333333333
2700,2700,10,2,-1,2,0,2,15.8
2710,2710,10,2,-1,2,0,2,9.333333333333334
2720,2720,10,3,-1,2,0,2,13.142857142857142
2730,2730,9,0,-1,0,0,0,0.0
2740,2740,8,0,-1,0,0,0,0.0
2750,2750,28,0,-1,0,0,0,0.0
2760,2760,26,0,-1,0,0,0,1.8333333333333333
2770,2770,26,0,-1,0,0,0,7.142857142857143
2780,2780,26,2,-1,2,0,2,12.875
2790,2790,26,2,-1,2,0,2,19.22222222222222
2800,2800,26,2,-1,2,1,3,4.9
2810,2810,26,2,-1,2,1,3,7.181818181818182
2820,2820,24,0,-1,1,1,2,2.6
2830,2830,22,0,-1,1,1,2,5.0
2840,2840,20,0,-1,1,0,1,3.375
2850,2850,18,0,-1,1,0,1,8.428571428571429
2860,2860,18,0,-1,1,0,1,13.625
2870,2870,17,1,-1,1,0,1,19.875
2880,2880,17,2,-1,2,0,2,19.0
2890,2890,17,2,-1,2,0,2,2.4
2900,2900,14,2,-1,2,0,2,6.0
2910,2910,14,3,-1,2,0,2,8.666666666666666
2920,2920,11,0,-1,0,0,0,0.0
2930,2930,9,0,-1,0,0,0,0.0
2940,2940,8,0,-1,1,0,1,0.8333333333333334
2950,2950,5,0,-1,1,0,1,3.75
2960,2960,24,1,-1,1,0,1,12.5
2970,2970,23,2,-1,0,0,0,0.0
2980,2980,22,2,-1,0,0,0,4.666666666666667
2990,2990,22,2,-1,0,0,0,8.5
3000,3000,22,2,-1,1,0,1,12.6
3010,3010,22,0,-1,1,0,1,6.333333333333333
3020,3020,21,0,-1,1,0,1,0.3333333333333333
3030,3030,20,0,-1,1,0,1,2.0
3040,3040,19,0,-1,1,0,1,3.6666666666666665
3050,3050,19,0,-1,1,0,1,4.571428571428571
3060,3060,19,2,-1,1,0,1,2.0
3070,3070,18,2,-1,1,0,1,0.75
3080,3080,17,2,-1,1,0,1,3.25
3090,3090,17,2,-1,1,0,1,5.111111111111111
3100,3100,17,3,-1,1,1,2,8.1
3110,3110,15,0,-1,0,0,0,0.125
3120,3120,14,0,-1,0,0,0,1.2222222222222223
3130,3130,12,0,-1,0,0,0,3.125
3140,3140,12,0,-1,0,0,0,6.111111111111111
3150,3150,12,1,-1,1,0,1,9.4
3160,3160,9,2,-1,2,0,2,1.625
3170,3170,29,2,-1,3,0,3,4.5
3180,3180,26,2,-1,3,0,3,11.0
3190,3190,23,3,-1,3,0,3,24.0
3200,3200,23,0,-1,0,0,0,1.8
3210,3210,22,0,-1,0,0,0,3.8
3220,3220,20,0,-1,0,0,0,11.5
3230,3230,20,0,-1,1,0,1,15.2
3240,3240,20,0,-1,1,0,1,19.333333333333332
3250,3250,20,2,-1,2,0,2,0.14285714285714285
3260,3260,20,2,-1,3,0,3,3.0
3270,3270,19,2,-1,4,0,4,8.0
3280,3280,18,2,-1,5,0,5,15.25
3290,3290,17,0,-1,4,0,4,11.875
3300,3300,15,0,-1,1,0,1,0.7142857142857143
3310,3310,12,0,-1,0,0,0,2.4
3320,3320,12,0,-1,0,0,0,3.6666666666666665
3330,3330,11,0,-1,0,0,0,7.166666666666667
3340,3340,9,1,-1,0,0,0,0.0
3350,3350,8,2,-1,0,0,0,0.4
3360,3360,8,2,-1,1,0,1,4.333333333333333
3370,3370,6,2,-1,2,0,2,12.2
3380,3380,27,3,-1,2,0,2,18.166666666666668
3390,3390,27,0,-1,1,0,1,7.714285714285714
3400,3400,25,0,-1,1,0,1,9.333333333333334
3410,3410,24,0,-1,2,0,2,12.666666666666666
3420,3420,23,0,-1,2,0,2,17.5
3430,3430,22,1,-1,2,0,2,15.666666666666666
3440,3440,22,2,-1,0,0,0,0.0
3450,3450,22,2,-1,2,0,2,3.125
3460,3460,20,2,-1,2,0,2,9.285714285714286
3470,3470,19,2,-1,2,0,2,15.0
3480,3480,18,0,-1,2,0,2,0.14285714285714285
3490,3490,18,0,-1,2,0,2,1.75
3500,3500,14,0,-1,2,0,2,6.0
3510,3510,13,0,-1,2,0,2,10.4
3520,3520,13,0,-1,2,1,3,12.833333333333334
3530,3530,13,2,-1,2,1,3,8.714285714285714
3540,3540,11,2,-1,1,1,2,5.833333333333333
3550,3550,9,2,-1,1,1,2,13.0
3560,3560,9,2,-1,2,0,2,8.5
3570,3570,9,3,-1,2,0,2,12.857142857142858
3580,3580,9,0,-1,0,0,0,4.0
3590,3590,27,0,-1,1,0,1,8.833333333333334
3600,3600,26,0,-1,1,0,1,15.0
3610,3610,26,0,-1,2,0,2,4.0
3620,3620,26,1,-1,2,0,2,6.0
3630,3630,26,2,-1,2,0,2,0.2222222222222222
3640,3640,25,2,-1,3,0,3,4.0
3650,3650,24,2,-1,3,0,3,10.666666666666666
3660,3660,22,3,-1,4,0,4,20.375
3670,3670,22,0,-1,3,0,3,0.6666666666666666
3680,3680,22,0,-1,3,0,3,3.3
3690,3690,20,0,-1,1,0,1,4.0
3700,3700,18,0,-1,1,0,1,3.25
3710,3710,17,0,-1,2,0,2,5.625
3720,3720,16,2,-1,0,0,0,0.0
3730,3730,15,2,-1,1,0,1,4.75
3740,3740,14,2,-1,2,0,2,11.25
3750,3750,14,2,-1,2,0,2,16.666666666666668
3760,3760,14,0,-1,1,0,1,10.3
3770,3770,14,0,-1,2,0,2,0.9
3780,3780,10,0,-1,0,0,0,1.125
3790,3790,7,0,-1,0,0,0,0.0
3800,3800,27,0,-1,0,0,0,0.0
3810,3810,27,1,-1,1,0,1,0.0
3820,3820,24,2,-1,2,0,2,3.2
3830,3830,24,2,-1,2,0,2,7.0
3840,3840,23,2,-1,2,0,2,16.4
3850,3850,23,3,-1,2,0,2,21.333333333333332
3860,3860,23,0,-1,0,0,0,0.0
3870,3870,22,0,-1,2,0,2,0.6666666666666666
3880,3880,19,0,-1,0,0,0,0.0
3890,3890,19,0,-1,1,0,1,0.0
3900,3900,17,1,-1,1,0,1,1.6666666666666667
3910,3910,16,2,-1,0,0,0,0.0
3920,3920,15,2,-1,1,0,1,2.0
3930,3930,14,2,-1,1,0,1,7.666666666666667
3940,3940,13,2,-1,1,0,1,14.333333333333334
3950,3950,13,0,-1,1,0,1,9.285714285714286
3960,3960,12,0,-1,0,0,0,13.571428571428571
3970,3970,10,0,-1,1,0,1,0.0
3980,3980,9,0,-1,1,0,1,1.5
3990,3990,8,0,-1,1,0,1,3.1666666666666665
4000,4000,7,2,-1,1,0,1,0.0
4010,4010,26,2,-1,1,0,1,1.6
4020,4020,25,2,-1,2,0,2,6.4
4030,4030,24,2,-1,2,0,2,18.0
4040,4040,24,3,-1,3,0,3,22.8
4050,4050,23,0,-1,2,0,2,0.6666666666666666
4060,4060,22,0,-1,1,0,1,0.0
4070,4070,20,0,-1,2,0,2,2.0
4080,4080,20,0,-1,2,0,2,5.0
4090,4090,19,1,-1,2,0,2,9.833333333333334
4100,4100,17,2,-1,0,0,0,0.6
4110,4110,16,2,-1,1,0,1,3.2
4120,4120,15,2,-1,1,0,1,10.6
4130,4130,15,3,-1,1,0,1,15.5
4140,4140,15,0,-1,1,0,1,9.428571428571429
4150,4150,14,0,-1,1,0,1,0.8571428571428571
4160,4160,13,0,-1,1,0,1,2.2857142857142856
4170,4170,13,0,-1,2,0,2,4.0
4180,4180,12,0,-1,2,0,2,6.625
4190,4190,10,2,-1,1,0,1,2.142857142857143
4200,4200,10,2,-1,1,0,1,4.875
4210,4210,8,2,-1,2,0,2,11.285714285714286
4220,4220,29,2,-1,2,0,2,17.375
4230,4230,28,0,-1,1,0,1,14.5
4240,4240,27,0,-1,2,0,2,2.625
4250,4250,25,0,-1,0,0,0,0.0
4260,4260,24,0,-1,0,0,0,0.0
4270,4270,22,0,-1,1,0,1,1.1666666666666667
4280,4280,20,1,-1,1,0,1,4.6
4290,4290,18,2,-1,0,0,0,6.25
4300,4300,18,2,-1,1,0,1,9.6
4310,4310,17,2,-1,1,0,1,15.6
4320,4320,17,3,-1,1,0,1,18.333333333333332
4330,4330,16,0,-1,1,0,1,1.0
4340,4340,15,0,-1,1,0,1,2.6666666666666665
4350,4350,14,0,-1,1,0,1,4.333333333333333
4360,4360,13,0,-1,1,0,1,6.0
4370,4370,11,1,-1,1,0,1,10.0
4380,4380,9,2,-1,1,0,1,4.25
4390,4390,9,2,-1,2,0,2,9.4
4400,4400,9,2,-1,3,0,3,16.333333333333332
4410,4410,9,2,-1,3,0,3,22.571428571428573
4420,4420,9,0,-1,3,0,3,4.25
4430,4430,30,0,-1,2,0,2,5.888888888888889
4440,4440,28,0,-1,1,0,1,2.75
4450,4450,26,0,-1,1,0,1,4.571428571428571
4460,4460,24,0,-1,3,0,3,8.666666666666666
4470,4470,22,2,-1,3,0,3,5.0
4480,4480,22,2,-1,1,0,1,3.3333333333333335
4490,4490,20,2,-1,1,0,1,9.4
4500,4500,20,2,-1,1,0,1,12.833333333333334
4510,4510,18,3,-1,2,0,2,12.2
4520,4520,15,0,-1,0,0,0,0.0
4530,4530,14,0,-1,0,0,0,0.0
4540,4540,12,0,-1,0,0,0,0.0
4550,4550,11,0,-1,0,0,0,0.0
4560,4560,11,1,-1,1,0,1,4.666666666666667
4570,4570,11,2,-1,1,0,1,4.5
4580,4580,11,2,-1,1,0,1,11.2
4590,4590,11,2,-1,1,0,1,16.0
4600,4600,11,3,-1,3,0,3,13.571428571428571
4610,4610,10,0,-1,0,0,0,0.0
4620,4620,7,0,-1,0,0,0,0.0
4630,4630,5,0,-1,0,0,0,0.25
4640,4640,25,0,-1,0,0,0,2.75
4650,4650,25,0,-1,0,0,0,5.4
4660,4660,25,2,-1,0,0,0,8.0
4670,4670,25,2,-1,0,0,0,13.428571428571429
4680,4680,23,2,-1,1,0,1,24.0
4690,4690,21,2,-1,1,0,1,7.0
4700,4700,21,0,-1,1,0,1,0.0
4710,4710,18,0,-1,1,0,1,0.0
4720,4720,18,0,-1,2,0,2,2.0
4730,4730,16,0,-1,2,0,2,8.0
4740,4740,16,0,-1,2,0,2,13.4
4750,4750,16,1,-1,2,0,2,17.833333333333332
4760,4760,16,2,-1,0,0,0,8.714285714285714
4770,4770,15,2,-1,0,0,0,15.714285714285714
4780,4780,14,2,-1,0,0,0,6.0
4790,4790,13,3,-1,2,0,2,9.714285714285714
4800,4800,13,0,-1,1,0,1,1.125
4810,4810,11,0,-1,1,0,1,2.7142857142857144
4820,4820,10,0,-1,2,0,2,4.142857142857143
4830,4830,9,0,-1,2,0,2,7.428571428571429
4840,4840,7,1,-1,1,0,1,12.333333333333334
4850,4850,28,2,-1,0,0,0,8.571428571428571
4860,4860,28,2,-1,0,0,0,13.5
4870,4870,26,2,-1,0,0,0,2.5714285714285716
4880,4880,25,2,-1,0,0,0,4.142857142857143
4890,4890,23,0,-1,0,0,0,0.0
4900,4900,22,0,-1,1,0,1,0.3333333333333333
4910,4910,19,0,-1,1,0,1,3.0
4920,4920,18,0,-1,2,0,2,8.5
4930,4930,17,0,-1,2,0,2,16.0
4940,4940,17,2,-1,1,0,1,10.4
4950,4950,17,2,-1,2,0,2,12.166666666666666
4960,4960,16,2,-1,1,0,1,1.8333333333333333
4970,4970,14,2,-1,2,0,2,4.4
4980,4980,14,3,-1,2,0,2,7.0
4990,4990,12,0,-1,0,0,0,0.0
5000,5000,11,0,-1,0,0,0,0.6
5010,5010,11,0,-1,0,0,0,2.6666666666666665
5020,5020,9,0,-1,0,0,0,8.8
5030,5030,9,1,-1,0,0,0,12.333333333333334
5040,5040,8,2,-1,0,0,0,17.333333333333332
5050,5050,8,2,-1,0,0,0,0.0
5060,5060,28,2,-1,0,0,0,0.14285714285714285
5070,5070,27,3,-1,0,0,0,1.5714285714285714
5080,5080,24,0,-1,0,0,0,0.0
5090,5090,24,0,-1,0,0,0,0.0
5100,5100,22,0,-1,0,0,0,0.0
5110,5110,20,0,-1,0,0,0,0.0
5120,5120,20,0,-1,0,0,0,3.0
5130,5130,19,2,-1,1,0,1,9.6
5140,5140,19,2,-1,2,0,2,3.6666666666666665
5150,5150,19,2,-1,2,0,2,6.0
5160,5160,19,2,-1,2,0,2,7.75
5170,5170,18,0,-1,3,0,3,7.25
5180,5180,18,0,-1,1,0,1,2.0
5190,5190,13,0,-1,1,0,1,7.6
5200,5200,11,0,-1,1,0,1,14.5
5210,5210,11,0,-1,1,0,1,15.6
5220,5220,11,1,-1,1,0,1,16.333333333333332
5230,5230,11,2,-1,2,1,3,3.142857142857143
5240,5240,11,2,-1,2,1,3,6.75
5250,5250,10,2,-1,2,1,3,11.75
5260,5260,10,3,-1,3,1,4,15.444444444444445
5270,5270,31,0,-1,1,0,1,0.8
5280,5280,28,0,-1,1,0,1,2.875
5290,5290,28,0,-1,1,0,1,4.777777777777778
5300,5300,26,0,-1,1,0,1,9.125
5310,5310,26,1,-1,1,0,1,12.666666666666666
5320,5320,25,2,-1,1,0,1,0.6666666666666666
5330,5330,24,2,-1,2,0,2,3.5555555555555554
5340,5340,23,2,-1,2,0,2,8.333333333333334
5350,5350,23,2,-1,3,0,3,14.88888888888889
5360,5360,22,0,-1,2,0,2,6.25
5370,5370,21,0,-1,1,0,1,7.125
5380,5380,21,0,-1,1,0,1,2.0
5390,5390,20,0,-1,1,0,1,3.8
5400,5400,17,0,-1,1,0,1,8.125
5410,5410,17,2,-1,1,0,1,0.0
5420,5420,14,2,-1,0,0,0,0.0
5430,5430,12,2,-1,0,0,0,1.2857142857142858
5440,5440,10,2,-1,1,0,1,4.666666666666667
5450,5450,8,3,-1,1,0,1,9.6
5460,5460,7,0,-1,0,0,0,0.0
5470,5470,5,0,-1,0,0,0,0.0
5480,5480,24,0,-1,0,0,0,0.0
5490,5490,24,0,-1,1,0,1,3.0
5500,5500,24,1,-1,2,0,2,1.4
5510,5510,24,2,-1,1,0,1,0.6666666666666666
5520,5520,22,2,-1,2,0,2,4.8
5530,5530,22,2,-1,4,0,4,10.166666666666666
5540,5540,22,3,-1,4,0,4,15.857142857142858
5550,5550,22,0,-1,3,0,3,0.375
5560,5560,22,0,-1,0,0,0,0.5555555555555556
5570,5570,22,0,-1,1,0,1,1.5
5580,5580,18,0,-1,0,0,0,3.5714285714285716
5590,5590,15,0,-1,1,0,1,1.0
5600,5600,14,2,-1,0,0,0,0.0
5610,5610,12,2,-1,0,0,0,0.0
5620,5620,12,2,-1,2,0,2,1.8
5630,5630,12,2,-1,2,0,2,6.833333333333333
5640,5640,12,0,-1,2,0,2,2.0
5650,5650,11,0,-1,1,0,1,4.571428571428571
5660,5660,8,0,-1,0,0,0,6.8
5670,5670,8,0,-1,0,0,0,8.5
5680,5680,6,0,-1,0,0,0,0.0
5690,5690,27,1,-1,2,0,2,0.5
5700,5700,25,2,-1,0,0,0,0.0
5710,5710,23,2,-1,1,0,1,1.25
5720,5720,20,2,-1,1,0,1,7.5
5730,5730,19,3,-1,1,0,1,12.5
5740,5740,19,0,-1,0,0,0,0.0
5750,5750,18,0,-1,1,0,1,0.0
5760,5760,18,0,-1,0,0,0,0.0
5770,5770,16,0,-1,0,0,0,0.0
5780,5780,15,1,-1,0,0,0,0.0
5790,5790,15,2,-1,0,0,0,0.0
5800,5800,13,2,-1,1,0,1,3.0
5810,5810,13,2,-1,1,0,1,6.0
5820,5820,12,2,-1,1,0,1,11.0
5830,5830,12,0,-1,0,0,0,0.0
5840,5840,10,0,-1,0,0,0,1.0
5850,5850,10,0,-1,1,0,1,6.6
5860,5860,10,0,-1,1,0,1,2.5
5870,5870,9,0,-1,1,0,1,4.166666666666667
5880,5880,9,2,-1,1,0,1,0.2857142857142857
5890,5890,8,2,-1,1,0,1,0.7142857142857143
5900,5900,28,2,-1,2,0,2,3.2857142857142856
5910,5910,27,2,-1,2,0,2,9.428571428571429
5920,5920,27,3,-1,2,0,2,15.75
5930,5930,27,0,-1,1,0,1,5.111111111111111
5940,5940,25,0,-1,1,0,1,9.875
5950,5950,22,0,-1,2,0,2,1.6666666666666667
5960,5960,21,0,-1,2,0,2,5.0
5970,5970,21,1,-1,3,0,3,7.714285714285714
5980,5980,20,2,-1,1,0,1,1.4285714285714286
5990,5990,20,2,-1,2,0,2,6.375
6000,6000,20,2,-1,2,0,2,12.222222222222221
6010,6010,20,3,-1,2,0,2,19.666666666666668
6020,6020,19,0,-1,1,0,1,11.222222222222221
6030,6030,18,0,-1,3,0,3,18.0
6040,6040,18,0,-1,3,0,3,7.5
6050,6050,17,0,-1,3,0,3,12.5
6060,6060,15,0,-1,4,0,4,20.444444444444443
6070,6070,14,2,-1,4,0,4,27.77777777777778
6080,6080,14,2,-1,4,0,4,32.7
6090,6090,13,2,-1,4,0,4,42.6
6100,6100,13,2,-1,4,0,4,47.81818181818182
6110,6110,34,0,-1,4,0,4,52.583333333333336
6120,6120,34,0,-1,4,0,4,62.0
6130,6130,34,0,-1,4,0,4,62.30769230769231
6140,6140,34,0,-1,4,0,4,65.71428571428571
6150,6150,34,0,-1,4,1,5,68.86666666666666
6160,6160,34,1,-1,4,0,4,76.86666666666666
6170,6170,34,2,-1,5,0,5,85.2
6180,6180,33,2,-1,5,0,5,93.86666666666666
6190,6190,33,2,-1,5,0,5,103.06666666666666
6200,6200,33,3,-1,5,0,5,113.06666666666666
6210,6210,33,0,-1,5,0,5,115.375
6220,6220,33,0,-1,6,0,6,115.88235294117646
6230,6230,33,0,-1,6,0,6,117.77777777777777
6240,6240,33,0,-1,6,0,6,114.83333333333333
6250,6250,32,1,-1,6,0,6,117.52941176470588
6260,6260,32,2,-1,6,0,6,119.88888888888889
6270,6270,31,2,-1,8,0,8,128.94444444444446
6280,6280,31,2,-1,9,0,9,131.47368421052633
6290,6290,31,2,-1,9,0,9,134.45
6300,6300,31,0,-1,9,0,9,137.57142857142858
6310,6310,31,0,-1,9,0,9,140.45454545454547
6320,6320,52,0,-1,9,0,9,150.0
6330,6330,52,0,-1,9,0,9,159.54545454545453
6340,6340,52,0,-1,9,0,9,161.91304347826087
6350,6350,52,2,-1,9,0,9,164.79166666666666
6360,6360,52,2,-1,9,0,9,174.79166666666666
6370,6370,52,2,-1,9,0,9,177.4
6380,6380,52,2,-1,9,0,9,179.80769230769232
6390,6390,52,3,-1,9,0,9,189.3846153846154
6400,6400,51,0,-1,10,0,10,187.77777777777777
6410,6410,51,0,-1,10,0,10,196.66666666666666
6420,6420,51,0,-1,10,0,10,198.42857142857142
6430,6430,51,0,-1,10,0,10,200.79310344827587
6440,6440,51,1,-1,10,0,10,203.1
6450,6450,51,2,-1,10,0,10,205.67741935483872
6460,6460,51,2,-1,10,0,10,208.9375
6470,6470,51,2,-1,10,0,10,212.3030303030303
6480,6480,51,3,-1,10,0,10,215.55882352941177
6490,6490,51,0,-1,10,0,10,217.94285714285715
6500,6500,51,0,-1,10,0,10,227.37142857142857
6510,6510,51,0,-1,10,0,10,236.88571428571427
6520,6520,51,0,-1,10,0,10,239.88888888888889
6530,6530,72,0,-1,10,0,10,249.61111111111111
6540,6540,72,2,-1,10,0,10,259.52777777777777
6550,6550,72,2,-1,10,0,10,262.2432432432432
6560,6560,72,2,-1,10,0,10,264.8157894736842
6570,6570,72,2,-1,10,0,10,274.36842105263156
6580,6580,72,0,-1,10,0,10,275.84615384615387
6590,6590,72,0,-1,10,0,10,285.5897435897436
6600,6600,72,0,-1,10,0,10,288.15
6610,6610,72,0,-1,10,0,10,290.6341463414634
6620,6620,72,0,-1,10,0,10,300.5365853658537
6630,6630,72,1,-1,10,0,10,310.5365853658537
6640,6640,72,2,-1,10,0,10,320.5365853658537
6650,6650,72,2,-1,10,0,10,330.5365853658537
6660,6660,72,2,-1,10,0,10,340.5365853658537
6670,6670,72,3,-1,10,0,10,350.5365853658537
6680,6680,72,0,-1,10,0,10,351.95238095238096
6690,6690,72,0,-1,10,0,10,361.7142857142857
6700,6700,72,0,-1,10,0,10,363.0
6710,6710,72,0,-1,10,0,10,372.7674418604651
6720,6720,72,1,-1,10,0,10,374.02272727272725
6730,6730,72,2,-1,10,0,10,383.8181818181818
6740,6740,93,2,-1,10,0,10,385.1111111111111
6750,6750,93,2,-1,10,0,10,395.1111111111111
6760,6760,93,2,-1,10,0,10,395.1521739130435
6770,6770,93,0,-1,10,0,10,404.6521739130435
6780,6780,92,0,-1,10,0,10,423.6222222222222
6790,6790,92,0,-1,10,0,10,433.6222222222222
6800,6800,92,0,-1,10,0,10,443.6222222222222
6810,6810,92,0,-1,10,0,10,453.6222222222222
6820,6820,92,2,-1,10,0,10,453.54347826086956
6830,6830,92,2,-1,10,0,10,453.5531914893617
6840,6840,92,2,-1,10,0,10,453.6875
6850,6850,91,2,-1,10,0,10,473.2340425531915
6860,6860,91,3,-1,10,0,10,473.1666666666667
6870,6870,91,0,-1,10,0,10,483.1458333333333
6880,6880,91,0,-1,10,0,10,483.0816326530612
6890,6890,91,0,-1,10,0,10,483.02
6900,6900,91,0,-1,10,0,10,483.19607843137254
6910,6910,91,1,-1,10,0,10,483.63461538461536
6920,6920,91,2,-1,10,0,10,484.3018867924528
6930,6930,91,2,-1,10,0,10,485.01851851851853
6940,6940,91,2,-1,10,0,10,485.09090909090907
6950,6950,112,3,-1,10,0,10,485.82142857142856
6960,6960,112,0,-1,10,0,10,486.7719298245614
6970,6970,111,0,-1,10,0,10,496.2456140350877
6980,6980,110,0,-1,10,0,10,505.9824561403509
6990,6990,110,0,-1,10,0,10,515.9824561403509
7000,7000,110,0,-1,10,0,10,525.9824561403509
7010,7010,110,2,-1,10,0,10,526.8103448275862
7020,7020,110,2,-1,10,0,10,536.8103448275862
7030,7030,110,2,-1,10,0,10,537.542372881356
7040,7040,110,2,-1,10,0,10,538.25
7050,7050,110,0,-1,10,0,10,548.05
7060,7060,109,0,-1,10,0,10,557.8833333333333
7070,7070,109,0,-1,10,0,10,567.7166666666667
7080,7080,109,0,-1,10,0,10,568.0819672131148
7090,7090,109,0,-1,10,0,10,568.4516129032259
7100,7100,109,1,-1,10,0,10,578.2741935483871
7110,7110,109,2,-1,10,0,10,578.968253968254
7120,7120,109,2,-1,10,0,10,578.734375
7130,7130,109,2,-1,10,0,10,588.21875
7140,7140,109,3,-1,10,0,10,588.6923076923077
7150,7150,108,0,-1,10,0,10,607.609375
7160,7160,129,0,-1,10,0,10,617.453125
7170,7170,129,0,-1,10,0,10,617.7384615384616
7180,7180,129,0,-1,10,0,10,627.5846153846154
7190,7190,129,1,-1,10,0,10,637.4307692307692
7200,7200,128,2,-1,10,0,10,657.390625
7210,7210,128,2,-1,10,0,10,657.123076923077
7220,7220,128,2,-1,10,0,10,656.8939393939394
7230,7230,128,2,-1,10,0,10,666.7424242424242
7240,7240,128,0,-1,10,0,10,666.4925373134329
7250,7250,128,0,-1,10,0,10,676.3134328358209
7260,7260,128,0,-1,10,0,10,676.0735294117648
7270,7270,128,0,-1,10,0,10,685.8823529411765
7280,7280,128,0,-1,10,0,10,695.7352941176471
7290,7290,128,2,-1,10,0,10,705.6764705882352
7300,7300,128,2,-1,10,0,10,715.6764705882352
7310,7310,128,2,-1,10,0,10,725.6764705882352
7320,7320,128,2,-1,10,0,10,735.6764705882352
7330,7330,128,3,-1,10,0,10,734.927536231884
7340,7340,128,0,-1,10,0,10,734.2857142857143
7350,7350,128,0,-1,10,0,10,744.1428571428571
7360,7360,128,0,-1,10,0,10,743.3802816901408
7370,7370,149,0,-1,10,0,10,753.0985915492957
7380,7380,149,1,-1,10,0,10,752.2222222222222
7390,7390,149,2,-1,10,0,10,761.9305555555555
7400,7400,149,2,-1,10,0,10,761.1095890410959
7410,7410,149,2,-1,10,0,10,760.418918918919
7420,7420,148,3,-1,10,0,10,780.5616438356165
7430,7430,148,0,-1,10,0,10,779.6081081081081
7440,7440,148,0,-1,10,0,10,778.8133333333334
7450,7450,147,0,-1,10,0,10,788.6266666666667
7460,7460,147,0,-1,10,0,10,787.9868421052631
7470,7470,147,0,-1,10,0,10,797.8421052631579
7480,7480,147,2,-1,10,1,11,796.6493506493506
7490,7490,147,2,-1,10,1,11,806.4545454545455
7500,7500,147,2,-1,10,1,11,816.3246753246754
7510,7510,147,2,-1,10,1,11,826.3246753246754
7520,7520,147,0,-1,10,1,11,825.6025641025641
7530,7530,147,0,-1,10,1,11,835.5897435897435
7540,7540,147,0,-1,10,1,11,834.8860759493671
7550,7550,147,0,-1,10,1,11,834.3375
7560,7560,147,0,-1,10,1,11,844.3375
7570,7570,147,1,-1,10,1,11,843.8271604938271
7580,7580,168,2,-1,10,1,11,853.8271604938271
7590,7590,168,2,-1,10,1,11,863.8271604938271
7600,7600,168,2,-1,10,1,11,873.8271604938271
7610,7610,168,3,-1,10,1,11,873.0487804878048
7620,7620,168,0,-1,10,1,11,883.0487804878048
7630,7630,168,0,-1,10,1,11,893.0487804878048
7640,7640,168,0,-1,10,1,11,892.1686746987951
7650,7650,168,0,-1,10,1,11,902.0481927710844
7660,7660,168,1,-1,10,1,11,911.9879518072289
7670,7670,168,2,-1,10,1,11,921.9879518072289
7680,7680,168,2,-1,10,1,11,920.8928571428571
7690,7690,168,2,-1,10,2,12,919.8352941176471
7700,7700,168,2,-1,10,2,12,929.8117647058823
7710,7710,168,0,-1,10,2,12,939.8117647058823
7720,7720,168,0,-1,10,2,12,949.8117647058823
7730,7730,168,0,-1,10,2,12,959.8117647058823
7740,7740,168,0,-1,10,2,12,969.8117647058823
7750,7750,168,0,-1,10,2,12,979.8117647058823
7760,7760,168,2,-1,10,2,12,989.8117647058823
7770,7770,168,2,-1,10,2,12,999.8117647058823
7780,7780,168,2,-1,10,2,12,1009.8117647058823
7790,7790,189,2,-1,10,2,12,1019.8117647058823
7800,7800,189,3,-1,10,2,12,1017.8372093023256
7810,7810,189,0,-1,10,2,12,1015.9425287356322
7820,7820,189,0,-1,10,2,12,1025.9310344827586
7830,7830,189,0,-1,10,2,12,1024.159090909091
7840,7840,189,0,-1,10,2,12,1022.4269662921348
7850,7850,189,1,-1,10,2,12,1020.8777777777777
7860,7860,189,2,-1,10,2,12,1019.4395604395604
7870,7870,189,2,-1,10,2,12,1029.2197802197802
7880,7880,189,2,-1,10,2,12,1039.098901098901
7890,7890,189,3,-1,10,2,12,1048.989010989011
7900,7900,189,0,-1,10,2,12,1047.3695652173913
7910,7910,189,0,-1,10,2,12,1045.8817204301076
7920,7920,189,0,-1,10,3,13,1044.531914893617
7930,7930,189,0,-1,10,4,14,1043.0947368421052
7940,7940,189,0,-1,10,4,14,1042.0208333333333
7950,7950,189,2,-1,10,4,14,1051.8125
7960,7960,189,2,-1,10,4,14,1050.7525773195875
7970,7970,189,2,-1,10,4,14,1060.5463917525774
7980,7980,189,2,-1,11,4,15,1059.4489795918366
7990,7990,189,0,-1,11,4,15,1069.2448979591836
8000,8000,210,0,-1,11,4,15,1079.061224489796
8010,8010,210,0,-1,12,4,16,1078.020202020202
8020,8020,210,0,-1,13,5,18,1076.86
8030,8030,209,0,-1,13,5,18,1097.7373737373737
8040,8040,209,1,-1,13,5,18,1096.66
8050,8050,209,2,-1,13,5,18,1106.56
8060,8060,208,2,-1,13,5,18,1127.7373737373737
8070,8070,208,2,-1,13,5,18,1137.7373737373737
8080,8080,208,3,-1,13,5,18,1147.7373737373737
8090,8090,208,0,-1,13,5,18,1146.16
8100,8100,208,0,-1,13,5,18,1156.16
8110,8110,208,0,-1,13,5,18,1154.6336633663366
8120,8120,208,0,-1,13,5,18,1153.2156862745098
8130,8130,208,1,-1,13,5,18,1151.8543689320388
8140,8140,208,2,-1,13,5,18,1161.7572815533981
8150,8150,208,2,-1,13,5,18,1171.7087378640776
8160,8160,208,2,-1,13,5,18,1181.7087378640776
8170,8170,208,2,-1,13,5,18,1191.7087378640776
8180,8180,208,0,-1,13,5,18,1190.1538461538462
8190,8190,208,0,-1,13,5,18,1200.0576923076924
8200,8200,208,0,-1,13,6,19,1209.9807692307693
8210,8210,229,0,-1,13,6,19,1219.9807692307693
8220,8220,229,0,-1,13,6,19,1229.9807692307693
8230,8230,229,2,-1,13,6,19,1239.9807692307693
8240,8240,229,2,-1,13,6,19,1249.9807692307693
8250,8250,229,2,-1,13,6,19,1259.9807692307693
8260,8260,229,2,-1,13,6,19,1257.8857142857144
8270,8270,229,3,-1,14,6,20,1255.877358490566
8280,8280,229,0,-1,14,6,20,1265.8396226415093
8290,8290,229,0,-1,14,6,20,1275.8396226415093
8300,8300,229,0,-1,14,6,20,1285.8396226415093
8310,8310,229,0,-1,14,6,20,1295.8396226415093
8320,8320,229,1,-1,14,6,20,1305.8396226415093
8330,8330,229,2,-1,14,6,20,1303.5794392523364
8340,8340,229,2,-1,14,6,20,1313.5794392523364
8350,8350,229,2,-1,14,6,20,1323.5794392523364
8360,8360,229,3,-1,14,6,20,1333.5794392523364
8370,8370,229,0,-1,14,6,20,1331.138888888889
8380,8380,229,0,-1,14,6,20,1341.0925925925926
8390,8390,229,0,-1,14,6,20,1338.697247706422
8400,8400,229,0,-1,14,6,20,1348.605504587156
8410,8410,229,0,-1,14,6,20,1358.5229357798164
8420,8420,250,2,-1,14,6,20,1368.5229357798164
8430,8430,250,2,-1,14,6,20,1365.990909090909
8440,8440,250,2,-1,14,6,20,1375.9
8450,8450,250,2,-1,14,6,20,1385.8090909090909
8460,8460,250,0,-1,14,6,20,1383.144144144144
8470,8470,250,0,-1,14,6,20,1392.963963963964
8480,8480,250,0,-1,14,6,20,1402.8018018018017
8490,8490,250,0,-1,14,6,20,1412.7117117117118
8500,8500,250,0,-1,14,6,20,1422.6216216216217
8510,8510,250,1,-1,14,6,20,1419.75
8520,8520,250,2,-1,14,6,20,1429.6875
8530,8530,250,2,-1,14,6,20,1426.9469026548672
8540,8540,250,2,-1,14,6,20,1436.858407079646
8550,8550,250,3,-1,14,6,20,1446.8053097345132
8560,8560,250,0,-1,14,6,20,1456.8053097345132
8570,8570,250,0,-1,14,6,20,1466.8053097345132
8580,8580,250,0,-1,14,6,20,1476.8053097345132
8590,8590,250,0,-1,14,6,20,1473.7631578947369
8600,8600,250,1,-1,14,6,20,1483.6754385964912
8610,8610,250,2,-1,14,6,20,1480.6695652173912
8620,8620,250,2,-1,14,6,20,1490.6608695652174
8630,8630,271,2,-1,14,6,20,1500.6608695652174
8640,8640,271,2,-1,14,6,20,1510.6608695652174
8650,8650,271,0,-1,14,6,20,1520.6608695652174
8660,8660,271,0,-1,14,6,20,1530.6608695652174
8670,8670,271,0,-1,14,6,20,1540.6608695652174
8680,8680,271,0,-1,14,6,20,1537.3362068965516
8690,8690,271,0,-1,14,6,20,1547.3362068965516
8700,8700,271,2,-1,14,6,20,1544.025641025641
8710,8710,271,2,-1,14,6,20,1553.957264957265
8720,8720,271,2,-1,14,6,20,1563.957264957265
8730,8730,271,2,-1,14,6,20,1573.957264957265
8740,8740,271,3,-1,14,6,20,1583.957264957265
8750,8750,271,0,-1,14,6,20,1593.957264957265
8760,8760,271,0,-1,14,6,20,1603.957264957265
8770,8770,271,0,-1,14,6,20,1613.957264957265
8780,8780,271,0,-1,14,6,20,1623.957264957265
8790,8790,271,1,-1,14,6,20,1633.957264957265
8800,8800,271,2,-1,14,6,20,1643.957264957265
8810,8810,271,2,-1,14,6,20,1653.957264957265
8820,8820,271,2,-1,14,6,20,1649.864406779661
8830,8830,271,3,-1,14,6,20,1645.9243697478992
8840,8840,292,0,-1,14,6,20,1642.125
8850,8850,292,0,-1,14,6,20,1652.0666666666666
8860,8860,292,0,-1,14,6,20,1662.0666666666666
8870,8870,292,0,-1,14,6,20,1672.0666666666666
8880,8880,292,0,-1,14,6,20,1682.0666666666666
8890,8890,292,2,-1,14,6,20,1692.0666666666666
8900,8900,292,2,-1,14,6,20,1702.0666666666666
8910,8910,292,2,-1,14,6,20,1712.0666666666666
8920,8920,292,2,-1,14,6,20,1722.0666666666666
8930,8930,292,0,-1,14,6,20,1732.0666666666666
8940,8940,292,0,-1,14,6,20,1742.0666666666666
8950,8950,292,0,-1,14,6,20,1737.5867768595042
8960,8960,292,0,-1,14,6,20,1747.504132231405
8970,8970,292,0,-1,14,7,21,1757.4214876033059
8980,8980,292,1,-1,14,6,20,1767.4214876033059
8990,8990,292,2,-1,14,6,20,1762.8524590163934
9000,9000,292,2,-1,14,6,20,1772.7704918032787
9010,9010,292,2,-1,14,6,20,1782.7131147540983
9020,9020,292,3,-1,14,6,20,1792.7131147540983
9030,9030,292,0,-1,14,6,20,1788.0569105691056
9040,9040,292,0,-1,14,6,20,1798.0243902439024
9050,9050,313,0,-1,14,6,20,1793.4435483870968
9060,9060,313,0,-1,14,6,20,1803.3629032258063
9070,9070,313,1,-1,14,6,20,1813.282258064516
9080,9080,313,2,-1,14,6,20,1823.2016129032259
9090,9090,313,2,-1,14,6,20,1833.1209677419354
9100,9100,313,2,-1,14,6,20,1843.0403225806451
9110,9110,313,2,-1,14,6,20,1852.9596774193549
9120,9120,313,0,-1,14,6,20,1862.9596774193549
9130,9130,313,0,-1,14,6,20,1872.9596774193549
9140,9140,313,0,-1,14,6,20,1882.9596774193549
9150,9150,313,0,-1,14,6,20,1892.9596774193549
9160,9160,313,0,-1,14,6,20,1902.9596774193549
9170,9170,313,2,-1,14,6,20,1912.9596774193549
9180,9180,313,2,-1,14,6,20,1922.9596774193549
9190,9190,313,2,-1,14,6,20,1932.9596774193549
9200,9200,313,2,-1,14,6,20,1942.9596774193549
9210,9210,313,3,-1,14,6,20,1952.9596774193549
9220,9220,313,0,-1,14,6,20,1962.9596774193549
9230,9230,313,0,-1,14,6,20,1972.9596774193549
9240,9240,313,0,-1,14,6,20,1982.9596774193549
9250,9250,313,0,-1,14,6,20,1992.9596774193549
9260,9260,334,1,-1,14,6,20,2002.9596774193549
9270,9270,334,2,-1,14,6,20,2012.9596774193549
9280,9280,334,2,-1,14,6,20,2022.9596774193549
9290,9290,334,2,-1,14,6,20,2032.9596774193549
9300,9300,334,3,-1,14,6,20,2042.9596774193549
9310,9310,334,0,-1,14,6,20,2052.9596774193546
9320,9320,334,0,-1,14,6,20,2062.9596774193546
9330,9330,334,0,-1,14,6,20,2072.9596774193546
9340,9340,334,0,-1,14,6,20,2066.296
9350,9350,334,0,-1,14,6,20,2076.216
9360,9360,334,2,-1,14,6,20,2069.5793650793653
9370,9370,334,2,-1,14,7,21,2063.1102362204724
9380,9380,334,2,-1,14,7,21,2072.9763779527557
9390,9390,334,2,-1,14,7,21,2082.9291338582675
