Step,Time,Vehicles,J1_Phase,J2_Phase,J1_Queue,J2_Queue,Total_Queue,Network_Delay
10,10,2,0,-1,0,0,0,0.0
20,20,21,0,-1,0,0,0,0.0
30,30,21,0,-1,1,0,1,1.0
40,40,21,0,-1,1,0,1,5.5
50,50,21,1,-1,2,0,2,8.333333333333334
60,60,21,2,-1,1,0,1,2.5
70,70,21,2,-1,1,0,1,10.0
80,80,21,2,-1,2,0,2,18.8
90,90,21,3,-1,2,0,2,24.0
100,100,20,0,-1,2,0,2,2.1666666666666665
110,110,20,0,-1,3,0,3,3.5
120,120,20,0,-1,2,0,2,5.222222222222222
130,130,15,0,-1,2,0,2,13.4
140,140,13,1,-1,3,0,3,23.25
150,150,12,2,-1,0,0,0,2.25
160,160,10,2,-1,0,0,0,6.333333333333333
170,170,9,2,-1,0,0,0,9.666666666666666
180,180,8,2,-1,0,0,0,14.0
190,190,8,0,-1,0,0,0,0.0
200,200,7,0,-1,0,0,0,0.0
210,210,6,0,-1,0,0,0,0.0
220,220,5,0,-1,0,0,0,0.0
230,230,25,0,-1,0,0,0,1.25
240,240,24,2,-1,1,0,1,5.25
250,250,23,2,-1,1,0,1,12.75
260,260,23,2,-1,2,0,2,17.6
270,270,23,2,-1,2,0,2,21.333333333333332
280,280,22,3,-1,2,0,2,12.333333333333334
290,290,19,0,-1,0,0,0,0.0
300,300,18,0,-1,2,0,2,2.0
310,310,16,0,-1,2,0,2,9.333333333333334
320,320,16,0,-1,2,0,2,12.0
330,330,16,1,-1,2,0,2,15.4
340,340,15,2,-1,1,0,1,5.0
350,350,14,2,-1,0,0,0,13.0
360,360,14,2,-1,0,0,0,17.5
370,370,11,3,-1,0,0,0,16.5
380,380,10,0,-1,0,0,0,0.0
390,390,8,0,-1,0,0,0,0.0
400,400,7,0,-1,0,0,0,0.0
410,410,7,0,-1,0,0,0,2.0
420,420,5,0,-1,1,0,1,8.0
430,430,5,2,-1,1,0,1,7.0
440,440,26,2,-1,1,0,1,12.0
450,450,25,2,-1,1,0,1,20.0
460,460,25,2,-1,1,0,1,16.4
470,470,25,0,-1,0,0,0,7.8
480,480,22,0,-1,0,0,0,0.0
490,490,18,0,-1,0,0,0,0.0
500,500,18,0,-1,0,0,0,0.0
510,510,18,0,-1,1,0,1,5.25
520,520,17,1,-1,1,0,1,12.75
530,530,17,2,-1,1,0,1,11.0
540,540,17,2,-1,1,0,1,14.166666666666666
550,550,17,2,-1,2,0,2,5.142857142857143
560,560,17,3,-1,2,0,2,9.428571428571429
570,570,14,0,-1,0,0,0,0.0
580,580,10,0,-1,1,0,1,3.0
590,590,9,0,-1,1,0,1,6.333333333333333
600,600,9,0,-1,1,0,1,9.5
610,610,8,1,-1,1,0,1,14.5
620,620,7,2,-1,0,0,0,8.25
630,630,6,2,-1,1,0,1,13.5
640,640,6,2,-1,1,0,1,2.2
650,650,26,2,-1,1,0,1,4.2
660,660,25,0,-1,0,0,0,0.0
670,670,24,0,-1,0,0,0,0.0
680,680,18,0,-1,0,0,0,0.0
690,690,18,0,-1,0,0,0,0.0
700,700,16,0,-1,0,0,0,0.0
710,710,16,2,-1,1,0,1,0.0
720,720,16,2,-1,1,0,1,3.0
730,730,16,2,-1,1,0,1,7.0
740,740,15,2,-1,1,0,1,13.666666666666666
750,750,15,3,-1,1,0,1,15.25
760,760,14,0,-1,1,0,1,1.75
770,770,14,0,-1,1,0,1,3.4
780,780,11,0,-1,2,0,2,9.0
790,790,11,0,-1,2,0,2,12.75
800,800,11,1,-1,2,0,2,16.2
810,810,11,2,-1,0,0,0,4.333333333333333
820,820,10,2,-1,0,0,0,3.6666666666666665
830,830,9,2,-1,0,0,0,7.0
840,840,8,3,-1,2,0,2,10.833333333333334
850,850,8,0,-1,0,0,0,0.14285714285714285
860,860,25,0,-1,0,0,0,0.0
870,870,23,0,-1,1,0,1,1.6666666666666667
880,880,22,0,-1,1,0,1,7.0
890,890,22,0,-1,1,0,1,12.75
900,900,22,2,-1,0,0,0,10.2
910,910,22,2,-1,1,0,1,0.16666666666666666
920,920,22,2,-1,1,0,1,1.5714285714285714
930,930,19,2,-1,2,0,2,5.2
940,940,18,0,-1,1,0,1,3.6
950,950,17,0,-1,0,0,0,0.0
960,960,14,0,-1,0,0,0,0.0
970,970,14,0,-1,0,0,0,3.75
980,980,12,0,-1,0,0,0,11.666666666666666
990,990,12,1,-1,0,0,0,13.75
1000,1000,12,2,-1,1,0,1,2.6
1010,1010,12,2,-1,1,0,1,6.6
1020,1020,11,2,-1,1,0,1,12.6
1030,1030,10,3,-1,1,0,1,19.0
1040,1040,9,0,-1,2,0,2,1.4
1050,1050,8,0,-1,0,0,0,0.0
1060,1060,7,0,-1,0,0,0,1.3333333333333333
1070,1070,28,0,-1,0,0,0,3.857142857142857
1080,1080,27,1,-1,0,0,0,9.285714285714286
1090,1090,27,2,-1,0,0,0,1.125
1100,1100,25,2,-1,1,0,1,2.7142857142857144
1110,1110,24,2,-1,1,0,1,5.571428571428571
1120,1120,21,2,-1,1,0,1,13.4
1130,1130,20,0,-1,0,0,0,0.0
1140,1140,19,0,-1,0,0,0,1.0
1150,1150,16,0,-1,1,0,1,5.666666666666667
1160,1160,16,0,-1,1,0,1,9.25
1170,1170,14,0,-1,1,0,1,19.0
1180,1180,13,2,-1,0,0,0,0.0
1190,1190,12,2,-1,0,0,0,0.0
1200,1200,12,2,-1,0,0,0,0.0
1210,1210,10,2,-1,0,0,0,0.0
1220,1220,10,3,-1,0,0,0,2.5
1230,1230,10,0,-1,0,0,0,4.0
1240,1240,9,0,-1,0,0,0,7.0
1250,1250,9,0,-1,1,0,1,10.666666666666666
1260,1260,9,0,-1,1,0,1,14.857142857142858
1270,1270,8,1,-1,1,0,1,3.4285714285714284
1280,1280,28,2,-1,0,0,0,0.0
1290,1290,27,2,-1,1,0,1,0.0
1300,1300,24,2,-1,1,0,1,2.0
1310,1310,23,3,-1,1,0,1,6.6
1320,1320,21,0,-1,0,0,0,8.25
1330,1330,19,0,-1,0,0,0,17.666666666666668
1340,1340,19,0,-1,1,0,1,18.75
1350,1350,19,0,-1,1,0,1,21.0
1360,1360,18,0,-1,1,0,1,4.4
1370,1370,18,2,-1,0,0,0,0.0
1380,1380,15,2,-1,0,0,0,1.75
1390,1390,13,2,-1,1,0,1,7.666666666666667
1400,1400,13,2,-1,2,0,2,11.75
1410,1410,13,0,-1,2,0,2,3.2
1420,1420,9,0,-1,0,0,0,0.0
1430,1430,8,0,-1,0,0,0,0.0
1440,1440,8,0,-1,1,0,1,3.3333333333333335
1450,1450,8,0,-1,2,0,2,6.5
1460,1460,8,1,-1,2,0,2,9.2
1470,1470,7,2,-1,0,0,0,0.0
1480,1480,6,2,-1,0,0,0,0.0
1490,1490,27,2,-1,2,0,2,1.8333333333333333
1500,1500,26,3,-1,3,0,3,9.0
1510,1510,26,0,-1,0,0,0,5.142857142857143
1520,1520,26,0,-1,0,0,0,7.0
1530,1530,25,0,-1,1,0,1,11.375
1540,1540,24,0,-1,2,0,2,2.875
1550,1550,23,1,-1,2,0,2,5.375
1560,1560,21,2,-1,0,0,0,0.0
1570,1570,19,2,-1,2,0,2,5.5
1580,1580,19,2,-1,3,0,3,13.0
1590,1590,19,2,-1,3,0,3,23.0
1600,1600,19,0,-1,4,0,4,5.0
1610,1610,17,0,-1,2,0,2,10.0
1620,1620,16,0,-1,2,0,2,14.285714285714286
1630,1630,15,0,-1,2,0,2,10.428571428571429
1640,1640,15,0,-1,2,0,2,11.625
1650,1650,13,2,-1,2,0,2,8.0
1660,1660,12,2,-1,1,0,1,1.25
1670,1670,12,2,-1,1,0,1,4.444444444444445
1680,1680,12,2,-1,2,0,2,8.4
1690,1690,12,3,-1,3,0,3,10.909090909090908
1700,1700,33,0,-1,4,0,4,4.909090909090909
1710,1710,31,0,-1,3,0,3,7.7
1720,1720,27,0,-1,2,0,2,7.0
1730,1730,25,0,-1,2,0,2,10.857142857142858
1740,1740,24,1,-1,2,0,2,13.714285714285714
1750,1750,22,2,-1,1,0,1,0.3333333333333333
1760,1760,22,2,-1,2,0,2,4.428571428571429
1770,1770,21,2,-1,1,0,1,10.142857142857142
1780,1780,21,3,-1,1,0,1,15.125
1790,1790,20,0,-1,3,0,3,3.375
1800,1800,17,0,-1,1,0,1,8.166666666666666
1810,1810,16,0,-1,2,0,2,4.166666666666667
1820,1820,16,0,-1,2,0,2,6.428571428571429
1830,1830,13,0,-1,2,0,2,13.0
1840,1840,13,2,-1,0,0,0,0.0
1850,1850,11,2,-1,1,0,1,1.2
1860,1860,9,2,-1,2,0,2,6.75
1870,1870,9,2,-1,2,0,2,13.0
1880,1880,9,0,-1,1,0,1,13.166666666666666
1890,1890,7,0,-1,0,0,0,14.8
1900,1900,6,0,-1,0,0,0,0.0
1910,1910,25,0,-1,0,0,0,0.0
1920,1920,24,0,-1,0,0,0,0.0
1930,1930,23,1,-1,0,0,0,0.0
1940,1940,23,2,-1,0,0,0,0.8
1950,1950,21,2,-1,0,0,0,6.0
1960,1960,21,2,-1,1,0,1,9.6
1970,1970,20,3,-1,1,0,1,15.8
1980,1980,20,0,-1,0,0,0,9.166666666666666
1990,1990,18,0,-1,0,1,1,1.6
2000,2000,16,0,-1,0,1,1,4.5
2010,2010,15,0,-1,0,1,1,7.0
2020,2020,14,1,-1,0,1,1,9.5
2030,2030,12,2,-1,1,0,1,1.6666666666666667
2040,2040,12,2,-1,1,0,1,3.75
2050,2050,11,2,-1,1,0,1,7.25
2060,2060,11,2,-1,1,0,1,9.8
2070,2070,11,0,-1,0,0,0,6.0
2080,2080,10,0,-1,2,0,2,0.8333333333333334
2090,2090,9,0,-1,2,1,3,5.666666666666667
2100,2100,8,0,-1,2,1,3,10.666666666666666
2110,2110,7,0,-1,3,1,4,16.5
2120,2120,28,2,-1,2,0,2,3.0
2130,2130,26,2,-1,0,0,0,2.0
2140,2140,24,2,-1,1,0,1,11.75
2150,2150,24,2,-1,1,0,1,17.4
2160,2160,24,3,-1,2,0,2,21.333333333333332
2170,2170,20,0,-1,0,0,0,0.0
2180,2180,20,0,-1,0,0,0,0.0
2190,2190,20,0,-1,0,0,0,0.0
2200,2200,16,0,-1,0,0,0,0.0
2210,2210,15,1,-1,1,0,1,0.0
2220,2220,14,2,-1,1,0,1,6.333333333333333
2230,2230,14,2,-1,2,0,2,12.75
2240,2240,14,2,-1,2,0,2,22.75
2250,2250,14,3,-1,2,0,2,32.75
2260,2260,12,0,-1,1,0,1,0.6
2270,2270,11,0,-1,0,0,0,0.0
2280,2280,9,0,-1,0,0,0,0.0
2290,2290,7,0,-1,0,0,0,0.0
2300,2300,6,0,-1,0,0,0,1.0
2310,2310,6,2,-1,1,0,1,4.25
2320,2320,6,2,-1,1,0,1,7.6
2330,2330,27,2,-1,2,0,2,12.833333333333334
2340,2340,27,2,-1,2,0,2,17.428571428571427
2350,2350,26,0,-1,0,0,0,0.0
2360,2360,25,0,-1,0,0,0,0.0
2370,2370,22,0,-1,1,0,1,1.6
2380,2380,21,0,-1,1,0,1,3.6
2390,2390,19,0,-1,1,0,1,8.75
2400,2400,18,1,-1,2,0,2,14.25
2410,2410,18,2,-1,1,0,1,7.8
2420,2420,17,2,-1,1,0,1,11.8
2430,2430,17,2,-1,3,0,3,15.0
2440,2440,17,3,-1,2,1,3,7.714285714285714
2450,2450,14,0,-1,0,1,1,1.8
2460,2460,13,0,-1,1,1,2,5.2
2470,2470,10,0,-1,1,1,2,15.333333333333334
2480,2480,10,0,-1,1,0,1,6.75
2490,2490,9,1,-1,1,0,1,9.25
2500,2500,8,2,-1,0,0,0,0.0
2510,2510,8,2,-1,1,0,1,4.4
2520,2520,8,2,-1,1,0,1,9.333333333333334
2530,2530,8,2,-1,1,0,1,11.714285714285714
2540,2540,28,0,-1,1,1,2,1.4285714285714286
2550,2550,28,0,-1,1,1,2,3.75
2560,2560,25,0,-1,2,1,3,8.333333333333334
2570,2570,25,0,-1,2,0,2,8.142857142857142
2580,2580,24,0,-1,3,0,3,16.0
2590,2590,24,2,-1,3,0,3,11.5
2600,2600,24,2,-1,2,0,2,14.555555555555555
2610,2610,24,2,-1,2,0,2,21.22222222222222
2620,2620,24,2,-1,2,0,2,8.4
2630,2630,23,3,-1,2,0,2,12.3
2640,2640,22,0,-1,1,0,1,0.1
2650,2650,20,0,-1,0,0,0,0.8888888888888888
2660,2660,15,0,-1,0,0,0,0.0
2670,2670,12,0,-1,0,0,0,0.0
2680,2680,11,1,-1,0,0,0,0.5
2690,2690,10,2,-1,0,0,0,4.25
2700,2700,9,2,-1,0,0,0,12.75
2710,2710,9,2,-1,0,0,0,6.8
2720,2720,9,3,-1,1,0,1,9.666666666666666
2730,2730,8,0,-1,1,0,1,0.0
2740,2740,7,0,-1,0,0,0,0.0
2750,2750,27,0,-1,0,0,0,1.0
2760,2760,26,0,-1,0,0,0,4.0
2770,2770,26,0,-1,0,0,0,8.571428571428571
2780,2780,25,2,-1,2,0,2,16.714285714285715
2790,2790,25,2,-1,2,0,2,23.375
2800,2800,25,2,-1,2,0,2,5.222222222222222
2810,2810,25,2,-1,2,0,2,6.7
2820,2820,23,0,-1,1,0,1,0.4444444444444444
2830,2830,19,0,-1,1,0,1,1.5
2840,2840,18,0,-1,1,0,1,4.5
2850,2850,16,0,-1,1,0,1,12.8
2860,2860,16,0,-1,1,0,1,17.333333333333332
2870,2870,16,1,-1,3,0,3,20.714285714285715
2880,2880,16,2,-1,3,0,3,19.125
2890,2890,16,2,-1,2,0,2,3.4444444444444446
2900,2900,12,2,-1,2,0,2,9.0
2910,2910,11,3,-1,2,0,2,14.0
2920,2920,11,0,-1,0,0,0,3.4285714285714284
2930,2930,9,0,-1,1,0,1,1.3333333333333333
2940,2940,6,0,-1,1,0,1,4.5
2950,2950,4,0,-1,1,0,1,9.333333333333334
2960,2960,24,1,-1,1,0,1,19.0
2970,2970,22,2,-1,0,0,0,0.0
2980,2980,22,2,-1,0,0,0,6.0
2990,2990,22,2,-1,0,0,0,9.5
3000,3000,22,2,-1,0,0,0,14.5
3010,3010,21,0,-1,2,0,2,0.2
3020,3020,20,0,-1,1,0,1,0.6
3030,3030,20,0,-1,1,0,1,2.1666666666666665
3040,3040,19,0,-1,1,0,1,4.666666666666667
3050,3050,19,0,-1,1,0,1,8.0
3060,3060,19,2,-1,1,0,1,8.0
3070,3070,17,2,-1,1,0,1,1.2857142857142858
3080,3080,17,2,-1,1,1,2,4.125
3090,3090,16,2,-1,1,1,2,7.875
3100,3100,16,3,-1,2,1,3,12.222222222222221
3110,3110,15,0,-1,0,0,0,0.875
3120,3120,13,0,-1,0,0,0,2.125
3130,3130,12,0,-1,0,0,0,4.125
3140,3140,11,0,-1,0,0,0,8.625
3150,3150,11,1,-1,0,0,0,12.222222222222221
3160,3160,7,2,-1,0,0,0,0.0
3170,3170,26,2,-1,1,0,1,1.2
3180,3180,21,2,-1,1,0,1,16.0
3190,3190,21,3,-1,1,0,1,13.0
3200,3200,21,0,-1,0,0,0,3.0
3210,3210,20,0,-1,0,0,0,9.0
3220,3220,20,0,-1,0,0,0,14.25
3230,3230,20,0,-1,1,0,1,18.4
3240,3240,20,0,-1,1,0,1,23.166666666666668
3250,3250,20,2,-1,1,0,1,0.5714285714285714
3260,3260,20,2,-1,2,0,2,3.5
3270,3270,19,2,-1,4,0,4,9.375
3280,3280,17,2,-1,4,0,4,20.714285714285715
3290,3290,17,0,-1,2,0,2,13.875
3300,3300,15,0,-1,2,0,2,1.5714285714285714
3310,3310,12,0,-1,0,0,0,3.2
3320,3320,10,0,-1,0,0,0,6.75
3330,3330,10,0,-1,0,0,0,10.6
3340,3340,8,1,-1,1,0,1,1.5
3350,3350,8,2,-1,0,0,0,1.0
3360,3360,6,2,-1,2,0,2,8.25
3370,3370,6,2,-1,2,0,2,14.8
3380,3380,27,3,-1,2,0,2,16.166666666666668
3390,3390,25,0,-1,1,0,1,2.4
3400,3400,24,0,-1,1,0,1,6.4
3410,3410,23,0,-1,2,0,2,11.4
3420,3420,22,0,-1,2,0,2,17.4
3430,3430,22,1,-1,2,0,2,12.5
3440,3440,22,2,-1,0,0,0,0.14285714285714285
3450,3450,21,2,-1,2,0,2,4.0
3460,3460,20,2,-1,2,0,2,9.714285714285714
3470,3470,19,2,-1,2,0,2,15.428571428571429
3480,3480,18,0,-1,3,0,3,2.0
3490,3490,18,0,-1,3,0,3,5.125
3500,3500,15,0,-1,2,0,2,11.833333333333334
3510,3510,14,0,-1,2,0,2,17.166666666666668
3520,3520,13,0,-1,2,0,2,21.833333333333332
3530,3530,12,2,-1,1,0,1,17.333333333333332
3540,3540,10,2,-1,1,0,1,1.6
3550,3550,9,2,-1,2,0,2,8.8
3560,3560,9,2,-1,2,0,2,15.166666666666666
3570,3570,9,3,-1,2,0,2,17.142857142857142
3580,3580,6,0,-1,1,0,1,11.4
3590,3590,26,0,-1,1,0,1,22.75
3600,3600,26,0,-1,1,0,1,26.2
3610,3610,26,0,-1,2,0,2,8.333333333333334
3620,3620,26,1,-1,2,0,2,10.0
3630,3630,26,2,-1,3,0,3,0.8888888888888888
3640,3640,25,2,-1,4,0,4,8.222222222222221
3650,3650,24,2,-1,4,0,4,16.0
3660,3660,23,3,-1,4,0,4,24.375
3670,3670,23,0,-1,4,0,4,6.333333333333333
3680,3680,23,0,-1,4,0,4,11.7
3690,3690,21,0,-1,2,0,2,7.6
3700,3700,18,0,-1,2,0,2,9.5
3710,3710,18,0,-1,3,0,3,11.666666666666666
3720,3720,16,2,-1,1,0,1,0.875
3730,3730,15,2,-1,1,0,1,6.75
3740,3740,14,2,-1,2,0,2,15.125
3750,3750,14,2,-1,2,0,2,21.22222222222222
3760,3760,14,0,-1,1,0,1,12.8
3770,3770,12,0,-1,1,0,1,1.875
3780,3780,8,0,-1,1,0,1,5.666666666666667
3790,3790,7,0,-1,1,0,1,5.833333333333333
3800,3800,28,0,-1,2,0,2,7.0
3810,3810,28,1,-1,2,0,2,8.625
3820,3820,25,2,-1,1,0,1,2.8333333333333335
3830,3830,25,2,-1,1,0,1,8.142857142857142
3840,3840,24,2,-1,1,0,1,16.833333333333332
3850,3850,24,3,-1,1,0,1,21.571428571428573
3860,3860,24,0,-1,0,0,0,0.0
3870,3870,21,0,-1,0,0,0,0.0
3880,3880,17,0,-1,0,0,0,0.0
3890,3890,17,0,-1,1,0,1,0.6
3900,3900,15,1,-1,1,0,1,3.25
3910,3910,14,2,-1,0,0,0,0.0
3920,3920,12,2,-1,0,0,0,3.0
3930,3930,12,2,-1,0,0,0,5.5
3940,3940,10,2,-1,0,0,0,16.0
3950,3950,10,0,-1,0,0,0,9.75
3960,3960,9,0,-1,0,0,0,14.75
3970,3970,8,0,-1,1,0,1,1.5
3980,3980,8,0,-1,1,0,1,3.2
3990,3990,7,0,-1,1,0,1,5.2
4000,4000,5,2,-1,0,0,0,0.0
4010,4010,26,2,-1,1,0,1,3.0
4020,4020,25,2,-1,2,0,2,10.2
4030,4030,24,2,-1,2,0,2,22.75
4040,4040,24,3,-1,3,0,3,27.2
4050,4050,24,0,-1,0,0,0,0.16666666666666666
4060,4060,21,0,-1,1,0,1,0.0
4070,4070,21,0,-1,2,0,2,3.0
4080,4080,20,0,-1,2,0,2,6.333333333333333
4090,4090,19,1,-1,2,0,2,11.166666666666666
4100,4100,16,2,-1,1,0,1,1.25
4110,4110,16,2,-1,1,0,1,6.2
4120,4120,15,2,-1,1,0,1,13.2
4130,4130,15,3,-1,1,0,1,17.666666666666668
4140,4140,15,0,-1,0,0,0,8.714285714285714
4150,4150,13,0,-1,0,0,0,0.0
4160,4160,12,0,-1,1,0,1,0.0
4170,4170,12,0,-1,1,0,1,1.4285714285714286
4180,4180,10,0,-1,1,0,1,3.3333333333333335
4190,4190,9,2,-1,1,0,1,1.5
4200,4200,7,2,-1,1,0,1,6.4
4210,4210,7,2,-1,2,0,2,12.5
4220,4220,28,2,-1,2,0,2,17.857142857142858
4230,4230,27,0,-1,1,0,1,12.857142857142858
4240,4240,26,0,-1,2,0,2,3.4285714285714284
4250,4250,25,0,-1,0,0,0,0.0
4260,4260,22,0,-1,1,0,1,0.0
4270,4270,20,0,-1,1,0,1,2.5
4280,4280,18,1,-1,1,0,1,8.0
4290,4290,17,2,-1,0,0,0,7.666666666666667
4300,4300,17,2,-1,1,0,1,12.75
4310,4310,17,2,-1,2,0,2,16.4
4320,4320,17,3,-1,2,0,2,20.333333333333332
4330,4330,16,0,-1,2,0,2,1.1666666666666667
4340,4340,14,0,-1,1,0,1,3.2
4350,4350,12,0,-1,1,0,1,6.5
4360,4360,12,0,-1,2,0,2,7.6
4370,4370,11,1,-1,2,0,2,12.6
4380,4380,9,2,-1,1,0,1,4.0
4390,4390,9,2,-1,2,0,2,10.8
4400,4400,9,2,-1,3,0,3,18.166666666666668
4410,4410,9,2,-1,3,0,3,24.142857142857142
4420,4420,9,0,-1,3,0,3,4.25
4430,4430,30,0,-1,1,0,1,6.0
4440,4440,27,0,-1,1,0,1,3.4285714285714284
4450,4450,25,0,-1,2,0,2,6.0
4460,4460,24,0,-1,3,0,3,10.333333333333334
4470,4470,21,2,-1,2,0,2,4.0
4480,4480,19,2,-1,1,0,1,3.6666666666666665
4490,4490,19,2,-1,1,0,1,7.75
4500,4500,18,2,-1,1,0,1,12.75
4510,4510,17,3,-1,2,0,2,20.5
4520,4520,15,0,-1,0,0,0,0.0
4530,4530,14,0,-1,0,0,0,0.0
4540,4540,12,0,-1,0,0,0,0.0
4550,4550,12,0,-1,0,0,0,3.0
4560,4560,12,1,-1,1,0,1,8.75
4570,4570,12,2,-1,2,0,2,10.4
4580,4580,12,2,-1,1,0,1,16.833333333333332
4590,4590,12,2,-1,2,0,2,22.142857142857142
4600,4600,12,3,-1,3,0,3,13.375
4610,4610,10,0,-1,0,0,0,0.0
4620,4620,6,0,-1,0,0,0,0.0
4630,4630,4,0,-1,0,0,0,0.0
4640,4640,25,0,-1,0,0,0,0.75
4650,4650,25,0,-1,0,0,0,2.6
4660,4660,25,2,-1,1,0,1,7.333333333333333
4670,4670,23,2,-1,1,0,1,18.0
4680,4680,23,2,-1,2,0,2,23.5
4690,4690,21,2,-1,2,0,2,14.2
4700,4700,20,0,-1,1,0,1,0.0
4710,4710,19,0,-1,1,0,1,1.8
4720,4720,17,0,-1,2,0,2,3.5
4730,4730,16,0,-1,2,0,2,10.0
4740,4740,16,0,-1,2,0,2,15.2
4750,4750,16,1,-1,2,0,2,19.333333333333332
4760,4760,15,2,-1,0,0,0,11.0
4770,4770,15,2,-1,0,0,0,17.142857142857142
4780,4780,14,2,-1,0,0,0,6.285714285714286
4790,4790,13,3,-1,1,0,1,9.142857142857142
4800,4800,11,0,-1,1,0,1,1.6666666666666667
4810,4810,10,0,-1,1,0,1,3.3333333333333335
4820,4820,8,0,-1,1,0,1,7.0
4830,4830,7,0,-1,1,0,1,13.4
4840,4840,7,1,-1,2,0,2,18.0
4850,4850,28,2,-1,0,0,0,14.0
4860,4860,28,2,-1,0,0,0,19.375
4870,4870,26,2,-1,0,0,0,5.285714285714286
4880,4880,26,2,-1,0,0,0,7.125
4890,4890,25,0,-1,0,0,0,0.0
4900,4900,22,0,-1,1,0,1,0.6666666666666666
4910,4910,19,0,-1,1,0,1,4.25
4920,4920,19,0,-1,2,0,2,10.0
4930,4930,18,0,-1,2,0,2,18.0
4940,4940,18,2,-1,1,0,1,9.5
4950,4950,18,2,-1,2,0,2,12.714285714285714
4960,4960,15,2,-1,1,0,1,2.4
4970,4970,14,2,-1,2,0,2,4.6
4980,4980,14,3,-1,2,1,3,7.666666666666667
4990,4990,11,0,-1,0,1,1,2.25
5000,5000,10,0,-1,0,0,0,1.25
5010,5010,10,0,-1,0,0,0,5.0
5020,5020,9,0,-1,0,0,0,11.0
5030,5030,9,1,-1,0,0,0,14.166666666666666
5040,5040,7,2,-1,0,0,0,23.0
5050,5050,7,2,-1,0,0,0,0.0
5060,5060,27,2,-1,0,0,0,0.5
5070,5070,27,3,-1,1,0,1,3.0
5080,5080,24,0,-1,0,0,0,0.0
5090,5090,23,0,-1,0,0,0,0.0
5100,5100,22,0,-1,0,0,0,0.0
5110,5110,20,0,-1,0,0,0,3.25
5120,5120,20,0,-1,0,0,0,8.6
5130,5130,19,2,-1,1,0,1,15.2
5140,5140,19,2,-1,2,0,2,3.6666666666666665
5150,5150,18,2,-1,2,0,2,7.0
5160,5160,18,2,-1,3,0,3,9.0
5170,5170,16,0,-1,3,0,3,9.833333333333334
5180,5180,15,0,-1,1,0,1,3.1666666666666665
5190,5190,11,0,-1,1,0,1,13.0
5200,5200,11,0,-1,1,0,1,14.75
5210,5210,11,0,-1,1,0,1,15.8
5220,5220,11,1,-1,3,0,3,16.833333333333332
5230,5230,11,2,-1,2,0,2,3.142857142857143
5240,5240,10,2,-1,2,0,2,6.0
5250,5250,9,2,-1,3,1,4,11.428571428571429
5260,5260,9,3,-1,3,1,4,16.25
5270,5270,30,0,-1,0,0,0,0.0
5280,5280,26,0,-1,0,0,0,1.1666666666666667
5290,5290,26,0,-1,0,0,0,2.4285714285714284
5300,5300,25,0,-1,0,0,0,5.714285714285714
5310,5310,24,1,-1,0,0,0,10.285714285714286
5320,5320,23,2,-1,0,0,0,0.0
5330,5330,22,2,-1,0,0,0,1.4285714285714286
5340,5340,21,2,-1,1,0,1,3.142857142857143
5350,5350,18,2,-1,2,0,2,9.4
5360,5360,16,0,-1,0,0,0,0.0
5370,5370,16,0,-1,0,0,0,0.8
5380,5380,15,0,-1,0,0,0,4.2
5390,5390,14,0,-1,0,0,0,10.4
5400,5400,14,0,-1,0,0,0,15.333333333333334
5410,5410,13,2,-1,0,0,0,0.0
5420,5420,11,2,-1,0,0,0,0.0
5430,5430,10,2,-1,0,0,0,1.8
5440,5440,9,2,-1,1,0,1,5.2
5450,5450,6,3,-1,1,0,1,15.333333333333334
5460,5460,5,0,-1,0,0,0,0.0
5470,5470,4,0,-1,0,0,0,0.0
5480,5480,24,0,-1,1,0,1,1.0
5490,5490,24,0,-1,2,0,2,5.0
5500,5500,24,1,-1,2,0,2,8.0
5510,5510,22,2,-1,1,0,1,1.25
5520,5520,22,2,-1,3,0,3,5.8
5530,5530,22,2,-1,3,0,3,12.833333333333334
5540,5540,22,3,-1,3,0,3,18.142857142857142
5550,5550,22,0,-1,2,0,2,0.5
5560,5560,22,0,-1,0,0,0,1.0
5570,5570,21,0,-1,1,0,1,2.4444444444444446
5580,5580,17,0,-1,0,0,0,6.666666666666667
5590,5590,15,0,-1,1,0,1,1.2
5600,5600,14,2,-1,0,0,0,0.0
5610,5610,12,2,-1,0,0,0,0.0
5620,5620,12,2,-1,2,0,2,3.0
5630,5630,12,2,-1,2,0,2,7.5
5640,5640,12,0,-1,0,0,0,0.0
5650,5650,10,0,-1,0,0,0,0.0
5660,5660,7,0,-1,0,0,0,0.0
5670,5670,5,0,-1,0,0,0,2.6666666666666665
5680,5680,4,0,-1,0,0,0,0.0
5690,5690,25,1,-1,2,0,2,2.75
5700,5700,23,2,-1,1,0,1,0.3333333333333333
5710,5710,21,2,-1,1,0,1,5.5
5720,5720,19,2,-1,1,0,1,21.0
5730,5730,19,3,-1,1,0,1,15.5
5740,5740,19,0,-1,0,0,0,0.0
5750,5750,18,0,-1,0,0,0,1.3333333333333333
5760,5760,18,0,-1,0,0,0,3.5
5770,5770,16,0,-1,0,0,0,0.0
5780,5780,15,1,-1,0,0,0,0.0
5790,5790,13,2,-1,1,0,1,2.0
5800,5800,12,2,-1,1,0,1,7.0
5810,5810,12,2,-1,1,0,1,10.666666666666666
5820,5820,12,2,-1,1,0,1,13.0
5830,5830,12,0,-1,1,0,1,0.2
5840,5840,10,0,-1,0,0,0,3.75
5850,5850,10,0,-1,1,0,1,10.4
5860,5860,10,0,-1,1,0,1,2.5
5870,5870,9,0,-1,1,0,1,4.166666666666667
5880,5880,8,2,-1,2,0,2,0.16666666666666666
5890,5890,7,2,-1,2,0,2,3.0
5900,5900,28,2,-1,2,0,2,7.142857142857143
5910,5910,27,2,-1,2,0,2,14.428571428571429
5920,5920,27,3,-1,2,0,2,20.125
5930,5930,26,0,-1,0,0,0,7.5
5940,5940,24,0,-1,1,0,1,14.0
5950,5950,22,0,-1,2,0,2,3.8333333333333335
5960,5960,21,0,-1,2,0,2,7.166666666666667
5970,5970,20,1,-1,3,0,3,11.166666666666666
5980,5980,20,2,-1,1,0,1,1.6666666666666667
5990,5990,20,2,-1,2,0,2,4.857142857142857
6000,6000,19,2,-1,2,0,2,10.857142857142858
6010,6010,19,3,-1,3,0,3,19.857142857142858
6020,6020,19,0,-1,1,0,1,10.0
6030,6030,17,0,-1,0,0,0,13.222222222222221
6040,6040,15,0,-1,0,0,0,0.0
6050,6050,11,0,-1,1,0,1,0.0
6060,6060,9,0,-1,1,0,1,2.5
6070,6070,7,2,-1,0,0,0,0.0
6080,6080,5,2,-1,1,0,1,5.5
6090,6090,4,2,-1,1,0,1,15.5
6100,6100,4,2,-1,1,0,1,17.0
6110,6110,25,0,-1,0,0,0,8.5
6120,6120,22,0,-1,0,0,0,22.0
6130,6130,22,0,-1,0,0,0,0.0
6140,6140,22,0,-1,0,0,0,0.0
6150,6150,21,0,-1,0,0,0,0.0
6160,6160,21,1,-1,1,0,1,0.8
6170,6170,20,2,-1,1,0,1,1.2
6180,6180,20,2,-1,2,0,2,5.5
6190,6190,20,2,-1,2,0,2,11.714285714285714
6200,6200,20,3,-1,2,0,2,17.75
6210,6210,20,0,-1,3,0,3,7.0
6220,6220,19,0,-1,0,0,0,0.0
6230,6230,18,0,-1,0,0,0,0.0
6240,6240,12,0,-1,0,0,0,0.0
6250,6250,9,1,-1,0,0,0,0.0
6260,6260,7,2,-1,0,0,0,0.0
6270,6270,7,2,-1,0,0,0,2.5
6280,6280,7,2,-1,1,0,1,7.333333333333333
6290,6290,7,2,-1,1,0,1,13.0
6300,6300,7,0,-1,1,0,1,0.2
6310,6310,5,0,-1,0,0,0,0.0
6320,6320,25,0,-1,0,0,0,0.0
6330,6330,24,0,-1,0,0,0,0.0
6340,6340,22,0,-1,0,0,0,0.0
6350,6350,22,2,-1,0,0,0,3.75
6360,6360,21,2,-1,0,0,0,11.666666666666666
6370,6370,21,2,-1,0,0,0,13.75
6380,6380,20,2,-1,0,0,0,18.75
6390,6390,19,3,-1,0,0,0,24.5
6400,6400,18,0,-1,0,0,0,0.0
6410,6410,17,0,-1,1,0,1,1.8
6420,6420,16,0,-1,1,0,1,3.8
6430,6430,14,0,-1,1,0,1,7.25
6440,6440,13,1,-1,1,0,1,9.75
6450,6450,13,2,-1,0,0,0,0.6
6460,6460,12,2,-1,1,0,1,6.2
6470,6470,12,2,-1,1,0,1,13.5
6480,6480,12,3,-1,1,0,1,19.0
6490,6490,11,0,-1,2,0,2,1.0
6500,6500,9,0,-1,1,0,1,2.1666666666666665
6510,6510,8,0,-1,1,0,1,3.8333333333333335
6520,6520,4,0,-1,1,0,1,11.0
6530,6530,25,0,-1,1,0,1,11.0
6540,6540,24,2,-1,0,0,0,2.75
6550,6550,24,2,-1,0,0,0,7.2
6560,6560,23,2,-1,0,0,0,13.2
6570,6570,23,2,-1,1,0,1,17.333333333333332
6580,6580,23,0,-1,1,0,1,3.4285714285714284
6590,6590,22,0,-1,1,0,1,2.2857142857142856
6600,6600,21,0,-1,1,0,1,3.7142857142857144
6610,6610,20,0,-1,1,0,1,5.142857142857143
6620,6620,19,0,-1,2,0,2,9.428571428571429
6630,6630,17,1,-1,2,0,2,18.333333333333332
6640,6640,16,2,-1,1,0,1,13.0
6650,6650,16,2,-1,1,0,1,19.714285714285715
6660,6660,16,2,-1,1,0,1,25.875
6670,6670,14,3,-1,1,0,1,14.285714285714286
6680,6680,14,0,-1,0,0,0,0.0
6690,6690,11,0,-1,0,0,0,0.0
6700,6700,8,0,-1,1,0,1,0.5
6710,6710,6,0,-1,1,0,1,4.0
6720,6720,5,1,-1,1,0,1,8.333333333333334
6730,6730,5,2,-1,1,0,1,5.75
6740,6740,26,2,-1,1,0,1,13.4
6750,6750,26,2,-1,2,0,2,20.166666666666668
6760,6760,26,2,-1,1,0,1,8.714285714285714
6770,6770,26,0,-1,1,0,1,0.25
6780,6780,21,0,-1,2,0,2,4.0
6790,6790,21,0,-1,2,0,2,7.2
6800,6800,19,0,-1,3,0,3,15.25
6810,6810,19,0,-1,3,0,3,18.2
6820,6820,19,2,-1,2,0,2,6.833333333333333
6830,6830,19,2,-1,0,0,0,4.428571428571429
6840,6840,17,2,-1,0,0,0,10.166666666666666
6850,6850,16,2,-1,0,0,0,9.0
6860,6860,16,3,-1,1,0,1,11.285714285714286
6870,6870,13,0,-1,0,0,0,0.0
6880,6880,11,0,-1,0,0,0,0.0
6890,6890,11,0,-1,0,0,0,0.0
6900,6900,10,0,-1,2,0,2,1.4
6910,6910,9,1,-1,2,0,2,5.4
6920,6920,9,2,-1,1,0,1,2.5
6930,6930,9,2,-1,1,0,1,7.428571428571429
6940,6940,8,2,-1,1,0,1,6.428571428571429
6950,6950,27,3,-1,1,0,1,10.833333333333334
6960,6960,27,0,-1,1,0,1,0.0
6970,6970,22,0,-1,0,0,0,0.0
6980,6980,22,0,-1,0,0,0,0.0
6990,6990,21,0,-1,0,0,0,2.25
7000,7000,18,0,-1,0,0,0,9.5
7010,7010,18,2,-1,0,0,0,12.0
7020,7020,18,2,-1,0,0,0,16.25
7030,7030,18,2,-1,0,0,0,3.8
7040,7040,18,2,-1,0,0,0,4.833333333333333
7050,7050,17,0,-1,1,0,1,0.5
7060,7060,14,0,-1,0,0,0,0.0
7070,7070,13,0,-1,0,0,0,0.0
7080,7080,13,0,-1,0,0,0,1.2
7090,7090,13,0,-1,0,0,0,5.166666666666667
7100,7100,13,1,-1,1,0,1,10.285714285714286
7110,7110,13,2,-1,1,0,1,15.625
7120,7120,10,2,-1,1,0,1,3.8333333333333335
7130,7130,9,2,-1,1,0,1,5.666666666666667
7140,7140,9,3,-1,1,0,1,7.714285714285714
7150,7150,8,0,-1,0,0,0,0.0
7160,7160,24,0,-1,0,0,0,0.0
7170,7170,22,0,-1,0,0,0,0.0
7180,7180,22,0,-1,0,0,0,1.0
7190,7190,21,1,-1,0,0,0,4.333333333333333
7200,7200,20,2,-1,0,0,0,7.666666666666667
7210,7210,19,2,-1,0,0,0,0.0
7220,7220,18,2,-1,0,0,0,0.0
7230,7230,18,2,-1,1,0,1,0.0
7240,7240,18,0,-1,0,0,0,0.0
7250,7250,15,0,-1,0,0,0,0.0
7260,7260,14,0,-1,0,0,0,0.0
7270,7270,14,0,-1,0,0,0,0.0
7280,7280,13,0,-1,0,0,0,0.0
7290,7290,12,2,-1,0,0,0,2.0
7300,7300,11,2,-1,0,0,0,0.0
7310,7310,10,2,-1,0,0,0,0.0
7320,7320,8,2,-1,1,0,1,0.3333333333333333
7330,7330,8,3,-1,2,0,2,2.75
7340,7340,8,0,-1,0,0,0,1.2
7350,7350,7,0,-1,0,0,0,3.2
7360,7360,6,0,-1,0,0,0,7.0
7370,7370,26,0,-1,0,0,0,11.0
7380,7380,25,1,-1,0,0,0,16.0
7390,7390,22,2,-1,0,0,0,1.3333333333333333
7400,7400,22,2,-1,0,0,0,3.5
7410,7410,21,2,-1,1,0,1,6.0
7420,7420,21,3,-1,1,0,1,8.8
7430,7430,20,0,-1,0,0,0,0.0
7440,7440,18,0,-1,0,0,0,2.5
7450,7450,17,0,-1,1,0,1,5.75
7460,7460,16,0,-1,1,0,1,12.0
7470,7470,16,0,-1,1,0,1,16.4
7480,7480,16,2,-1,1,0,1,0.8333333333333334
7490,7490,16,2,-1,1,0,1,5.714285714285714
7500,7500,16,2,-1,1,0,1,11.0
7510,7510,16,2,-1,1,0,1,16.444444444444443
7520,7520,16,0,-1,0,0,0,12.4
7530,7530,16,0,-1,2,0,2,0.7
7540,7540,13,0,-1,1,0,1,2.125
7550,7550,12,0,-1,1,0,1,4.444444444444445
7560,7560,11,0,-1,2,0,2,9.666666666666666
7570,7570,11,1,-1,2,0,2,6.4
7580,7580,30,2,-1,0,0,0,0.1111111111111111
7590,7590,26,2,-1,1,0,1,3.3333333333333335
7600,7600,26,2,-1,1,0,1,7.142857142857143
7610,7610,25,3,-1,1,0,1,12.857142857142858
7620,7620,25,0,-1,2,0,2,2.125
7630,7630,23,0,-1,0,0,0,5.142857142857143
7640,7640,21,0,-1,0,0,0,9.333333333333334
7650,7650,20,0,-1,0,0,0,16.333333333333332
7660,7660,20,1,-1,1,0,1,0.7142857142857143
7670,7670,17,2,-1,1,0,1,0.4
7680,7680,17,2,-1,1,0,1,3.6666666666666665
7690,7690,16,2,-1,3,0,3,8.0
7700,7700,16,2,-1,4,0,4,14.142857142857142
7710,7710,15,0,-1,0,0,0,3.2857142857142856
7720,7720,10,0,-1,0,0,0,9.0
7730,7730,10,0,-1,1,0,1,10.5
7740,7740,8,0,-1,1,0,1,23.0
7750,7750,7,0,-1,1,0,1,8.333333333333334
7760,7760,7,2,-1,0,0,0,0.0
7770,7770,6,2,-1,1,0,1,2.5
7780,7780,5,2,-1,1,0,1,9.0
7790,7790,26,2,-1,1,0,1,13.2
7800,7800,26,3,-1,1,0,1,16.0
7810,7810,26,0,-1,0,0,0,0.0
7820,7820,24,0,-1,1,0,1,2.6666666666666665
7830,7830,24,0,-1,1,0,1,5.142857142857143
7840,7840,22,0,-1,1,0,1,4.666666666666667
7850,7850,21,1,-1,1,0,1,6.333333333333333
7860,7860,21,2,-1,0,0,0,0.0
7870,7870,21,2,-1,0,0,0,1.25
7880,7880,19,2,-1,0,0,0,2.857142857142857
7890,7890,17,3,-1,1,0,1,9.0
7900,7900,17,0,-1,1,0,1,5.571428571428571
7910,7910,15,0,-1,0,0,0,11.0
7920,7920,15,0,-1,0,0,0,14.714285714285714
7930,7930,14,0,-1,0,0,0,0.0
7940,7940,13,0,-1,0,0,0,0.0
7950,7950,12,2,-1,1,0,1,0.14285714285714285
7960,7960,12,2,-1,1,0,1,2.5
7970,7970,11,2,-1,2,0,2,6.5
7980,7980,10,2,-1,2,0,2,12.25
7990,7990,8,0,-1,0,0,0,13.571428571428571
8000,8000,28,0,-1,1,0,1,3.4285714285714284
8010,8010,25,0,-1,1,0,1,8.8
8020,8020,24,0,-1,2,0,2,5.2
8030,8030,24,0,-1,2,0,2,8.0
8040,8040,22,1,-1,3,0,3,15.6
8050,8050,21,2,-1,2,0,2,3.2
8060,8060,20,2,-1,2,0,2,11.2
8070,8070,20,2,-1,3,0,3,17.666666666666668
8080,8080,20,3,-1,3,0,3,19.571428571428573
8090,8090,20,0,-1,1,0,1,2.125
8100,8100,17,0,-1,1,0,1,5.333333333333333
8110,8110,14,0,-1,1,0,1,7.75
8120,8120,14,0,-1,1,0,1,8.2
8130,8130,13,1,-1,1,0,1,10.2
8140,8140,10,2,-1,0,0,0,0.0
8150,8150,9,2,-1,0,0,0,5.666666666666667
8160,8160,9,2,-1,0,0,0,9.25
8170,8170,9,2,-1,1,0,1,12.0
8180,8180,9,0,-1,0,0,0,0.0
8190,8190,8,0,-1,0,0,0,1.5
8200,8200,5,0,-1,0,0,0,0.0
8210,8210,25,0,-1,1,0,1,1.5
8220,8220,22,0,-1,1,0,1,8.0
8230,8230,20,2,-1,0,0,0,0.0
8240,8240,20,2,-1,0,0,0,3.5
8250,8250,20,2,-1,0,0,0,5.666666666666667
8260,8260,20,2,-1,1,0,1,8.0
8270,8270,20,3,-1,1,0,1,12.4
8280,8280,20,0,-1,0,0,0,6.333333333333333
8290,8290,17,0,-1,1,0,1,1.0
8300,8300,17,0,-1,2,0,2,3.4
8310,8310,15,0,-1,2,0,2,10.5
8320,8320,15,1,-1,2,0,2,18.0
8330,8330,14,2,-1,1,0,1,0.25
8340,8340,14,2,-1,1,0,1,7.2
8350,8350,14,2,-1,2,0,2,13.5
8360,8360,14,3,-1,2,0,2,15.571428571428571
8370,8370,14,0,-1,1,0,1,7.75
8380,8380,14,0,-1,1,0,1,2.0
8390,8390,14,0,-1,2,0,2,3.6
8400,8400,12,0,-1,2,0,2,6.222222222222222
8410,8410,10,0,-1,2,0,2,9.5
8420,8420,30,2,-1,1,0,1,0.75
8430,8430,27,2,-1,1,0,1,3.857142857142857
8440,8440,26,2,-1,1,0,1,9.428571428571429
8450,8450,26,2,-1,1,0,1,13.25
8460,8460,26,0,-1,0,0,0,6.888888888888889
8470,8470,24,0,-1,0,0,0,0.0
8480,8480,22,0,-1,0,0,0,0.0
8490,8490,22,0,-1,0,0,0,0.0
8500,8500,21,0,-1,1,0,1,0.875
8510,8510,18,1,-1,2,0,2,4.0
8520,8520,16,2,-1,1,0,1,2.2
8530,8530,14,2,-1,1,0,1,10.25
8540,8540,13,2,-1,1,0,1,17.75
8550,8550,13,3,-1,1,0,1,22.2
8560,8560,12,0,-1,1,0,1,0.8
8570,8570,11,0,-1,0,0,0,0.0
8580,8580,11,0,-1,0,0,0,0.0
8590,8590,6,0,-1,0,0,0,0.0
8600,8600,4,1,-1,0,0,0,0.0
8610,8610,4,2,-1,0,0,0,1.5
8620,8620,4,2,-1,2,0,2,6.333333333333333
8630,8630,25,2,-1,2,0,2,13.75
8640,8640,25,2,-1,2,0,2,19.2
8650,8650,25,0,-1,1,0,1,0.6666666666666666
8660,8660,24,0,-1,2,0,2,3.5
8670,8670,23,0,-1,2,0,2,6.833333333333333
8680,8680,22,0,-1,2,0,2,10.166666666666666
8690,8690,21,0,-1,2,0,2,16.333333333333332
8700,8700,21,2,-1,1,0,1,6.0
8710,8710,20,2,-1,0,0,0,11.0
8720,8720,19,2,-1,1,0,1,19.5
8730,8730,19,2,-1,1,0,1,25.428571428571427
8740,8740,19,3,-1,2,0,2,10.555555555555555
8750,8750,19,0,-1,2,0,2,1.6
8760,8760,17,0,-1,2,0,2,4.0
8770,8770,15,0,-1,2,0,2,7.0
8780,8780,14,0,-1,2,0,2,10.125
8790,8790,11,1,-1,3,0,3,23.333333333333332
8800,8800,9,2,-1,0,0,0,9.0
8810,8810,8,2,-1,0,0,0,17.6
8820,8820,8,2,-1,0,0,0,23.0
8830,8830,8,3,-1,1,0,1,9.428571428571429
8840,8840,29,0,-1,1,0,1,0.75
8850,8850,27,0,-1,1,0,1,2.2857142857142856
8860,8860,26,0,-1,1,0,1,3.7142857142857144
8870,8870,23,0,-1,1,0,1,7.2
8880,8880,23,0,-1,2,0,2,9.5
8890,8890,22,2,-1,0,0,0,2.3333333333333335
8900,8900,20,2,-1,1,0,1,5.4
8910,8910,19,2,-1,2,0,2,10.8
8920,8920,19,2,-1,3,0,3,6.666666666666667
8930,8930,19,0,-1,3,0,3,5.285714285714286
8940,8940,16,0,-1,1,0,1,2.0
8950,8950,15,0,-1,1,0,1,4.0
8960,8960,15,0,-1,1,0,1,5.833333333333333
8970,8970,13,0,-1,1,0,1,14.2
8980,8980,13,1,-1,1,0,1,18.5
8990,8990,13,2,-1,1,0,1,14.714285714285714
9000,9000,12,2,-1,2,0,2,22.285714285714285
9010,9010,12,2,-1,2,0,2,9.125
9020,9020,12,3,-1,2,0,2,13.777777777777779
9030,9030,10,0,-1,2,0,2,2.0
9040,9040,10,0,-1,0,0,0,3.4444444444444446
9050,9050,30,0,-1,0,0,0,0.8888888888888888
9060,9060,26,0,-1,0,0,0,5.333333333333333
9070,9070,26,1,-1,0,0,0,10.285714285714286
9080,9080,25,2,-1,1,0,1,17.0
9090,9090,25,2,-1,1,0,1,23.125
9100,9100,24,2,-1,1,0,1,7.875
9110,9110,23,2,-1,1,0,1,11.625
9120,9120,23,0,-1,1,0,1,0.2222222222222222
9130,9130,22,0,-1,0,0,0,0.0
9140,9140,18,0,-1,1,0,1,0.0
9150,9150,17,0,-1,1,0,1,3.5
9160,9160,17,0,-1,1,0,1,7.285714285714286
9170,9170,17,2,-1,1,0,1,7.75
9180,9180,17,2,-1,0,0,0,12.333333333333334
9190,9190,12,2,-1,1,0,1,2.4
9200,9200,11,2,-1,1,0,1,6.4
9210,9210,11,3,-1,1,0,1,9.0
9220,9220,9,0,-1,0,0,0,0.0
9230,9230,6,0,-1,0,0,0,0.0
9240,9240,5,0,-1,0,0,0,0.0
9250,9250,5,0,-1,0,0,0,3.25
9260,9260,26,1,-1,0,0,0,7.6
9270,9270,26,2,-1,0,0,0,13.666666666666666
9280,9280,25,2,-1,1,0,1,1.5
9290,9290,25,2,-1,2,0,2,3.0
9300,9300,23,3,-1,2,0,2,8.2
9310,9310,22,0,-1,0,0,0,0.0
9320,9320,19,0,-1,0,0,0,0.0
9330,9330,19,0,-1,1,0,1,0.4
9340,9340,19,0,-1,1,0,1,3.6666666666666665
9350,9350,19,0,-1,1,0,1,7.428571428571429
9360,9360,19,2,-1,0,0,0,6.625
9370,9370,19,2,-1,0,0,0,0.8888888888888888
9380,9380,16,2,-1,0,0,0,3.2857142857142856
9390,9390,16,2,-1,2,0,2,6.375
9400,9400,16,0,-1,1,0,1,3.4444444444444446
9410,9410,15,0,-1,1,0,1,1.7777777777777777
9420,9420,11,0,-1,1,0,1,4.333333333333333
9430,9430,10,0,-1,1,0,1,10.166666666666666
9440,9440,8,0,-1,1,0,1,22.2
9450,9450,8,1,-1,1,0,1,27.0
9460,9460,8,2,-1,1,0,1,0.42857142857142855
9470,9470,29,2,-1,1,0,1,2.625
9480,9480,26,2,-1,2,0,2,8.8
9490,9490,26,3,-1,2,0,2,14.333333333333334
9500,9500,24,0,-1,2,0,2,0.16666666666666666
9510,9510,23,0,-1,0,0,0,0.3333333333333333
9520,9520,19,0,-1,0,0,0,0.0
9530,9530,19,0,-1,0,0,0,0.0
9540,9540,19,1,-1,0,0,0,2.4
9550,9550,17,2,-1,0,1,1,1.75
9560,9560,16,2,-1,2,1,3,9.0
9570,9570,16,2,-1,2,1,3,15.2
9580,9580,16,2,-1,3,1,4,21.0
9590,9590,16,0,-1,0,0,0,0.42857142857142855
9600,9600,14,0,-1,0,0,0,2.1666666666666665
9610,9610,11,0,-1,0,0,0,5.75
9620,9620,9,0,-1,0,0,0,12.333333333333334
9630,9630,8,0,-1,0,0,0,19.0
9640,9640,8,2,-1,0,0,0,0.0
9650,9650,8,2,-1,1,0,1,1.2
9660,9660,7,2,-1,2,0,2,4.6
9670,9670,7,2,-1,2,0,2,8.833333333333334
9680,9680,28,3,-1,2,0,2,14.666666666666666
9690,9690,27,0,-1,0,0,0,1.0
9700,9700,26,0,-1,0,0,0,0.0
9710,9710,24,0,-1,0,0,0,0.6666666666666666
9720,9720,21,0,-1,0,0,0,5.0
9730,9730,21,1,-1,0,0,0,0.0
9740,9740,18,2,-1,1,0,1,0.3333333333333333
9750,9750,18,2,-1,2,0,2,4.5
9760,9760,18,2,-1,2,0,2,9.6
9770,9770,18,3,-1,2,0,2,14.166666666666666
9780,9780,16,0,-1,0,0,0,0.0
9790,9790,13,0,-1,0,0,0,0.0
9800,9800,12,0,-1,0,0,0,1.0
9810,9810,12,0,-1,0,0,0,4.25
9820,9820,10,0,-1,0,0,0,0.0
9830,9830,7,2,-1,0,0,0,0.0
9840,9840,6,2,-1,1,0,1,4.0
9850,9850,6,2,-1,1,0,1,7.0
9860,9860,6,2,-1,1,0,1,8.333333333333334
9870,9870,6,0,-1,0,0,0,1.25
9880,9880,4,0,-1,0,0,0,0.0
9890,9890,24,0,-1,0,0,0,0.0
9900,9900,22,0,-1,0,0,0,4.5
9910,9910,21,0,-1,0,0,0,0.0
9920,9920,21,1,-1,1,0,1,1.0
9930,9930,21,2,-1,2,0,2,3.75
9940,9940,21,2,-1,2,0,2,7.0
9950,9950,20,2,-1,3,0,3,14.2
9960,9960,19,3,-1,3,0,3,27.75
9970,9970,19,0,-1,0,0,0,0.0
9980,9980,17,0,-1,1,0,1,1.6
9990,9990,15,0,-1,1,0,1,4.5
10000,10000,15,0,-1,1,0,1,5.6
10010,10010,12,1,-1,1,0,1,12.666666666666666
10020,10020,12,2,-1,0,0,0,0.0
10030,10030,10,2,-1,0,0,0,2.3333333333333335
10040,10040,9,2,-1,0,0,0,5.666666666666667
10050,10050,9,2,-1,0,0,0,6.75
10060,10060,9,0,-1,0,0,0,0.8
10070,10070,8,0,-1,0,0,0,2.8
10080,10080,8,0,-1,1,0,1,5.0
10090,10090,7,0,-1,2,0,2,3.6666666666666665
10100,10100,27,0,-1,2,0,2,7.0
10110,10110,25,2,-1,1,0,1,5.4
10120,10120,25,2,-1,1,0,1,2.3333333333333335
10130,10130,25,2,-1,2,0,2,7.142857142857143
10140,10140,24,2,-1,3,0,3,13.571428571428571
10150,10150,24,3,-1,3,0,3,18.125
10160,10160,24,0,-1,2,0,2,1.0
10170,10170,21,0,-1,1,0,1,3.5714285714285716
10180,10180,16,0,-1,1,0,1,8.666666666666666
10190,10190,16,0,-1,1,0,1,9.0
10200,10200,16,1,-1,1,0,1,9.2
10210,10210,15,2,-1,0,0,0,0.4
10220,10220,15,2,-1,2,0,2,2.8333333333333335
10230,10230,15,2,-1,2,0,2,6.714285714285714
10240,10240,14,3,-1,3,0,3,12.571428571428571
10250,10250,14,0,-1,2,0,2,4.0
10260,10260,12,0,-1,0,0,0,8.571428571428571
10270,10270,11,0,-1,0,0,0,0.0
10280,10280,10,0,-1,0,0,0,0.0
10290,10290,9,0,-1,0,0,0,0.0
10300,10300,5,2,-1,1,0,1,0.25
10310,10310,25,2,-1,2,0,2,4.25
10320,10320,25,2,-1,2,0,2,7.4
10330,10330,24,2,-1,2,0,2,12.8
10340,10340,24,0,-1,1,0,1,10.5
10350,10350,23,0,-1,0,0,0,9.5
10360,10360,22,0,-1,0,0,0,0.0
10370,10370,18,0,-1,0,0,0,0.0
10380,10380,17,0,-1,0,0,0,0.0
10390,10390,17,1,-1,1,0,1,1.0
10400,10400,17,2,-1,0,0,0,1.2
10410,10410,17,2,-1,1,0,1,5.333333333333333
10420,10420,17,2,-1,2,0,2,11.428571428571429
10430,10430,17,3,-1,2,0,2,14.375
10440,10440,17,0,-1,2,0,2,1.3333333333333333
10450,10450,13,0,-1,1,1,2,4.166666666666667
10460,10460,11,0,-1,1,1,2,9.0
10470,10470,10,0,-1,1,1,2,13.0
10480,10480,10,1,-1,2,1,3,14.833333333333334
10490,10490,9,2,-1,0,0,0,0.0
10500,10500,7,2,-1,1,0,1,2.8
10510,10510,6,2,-1,1,0,1,6.8
10520,10520,26,2,-1,1,0,1,12.2
10530,10530,26,0,-1,1,0,1,0.5
10540,10540,25,0,-1,0,0,0,0.0
10550,10550,25,0,-1,0,0,0,0.0
10560,10560,24,0,-1,0,0,0,0.0
10570,10570,23,0,-1,0,0,0,0.0
10580,10580,22,2,-1,0,0,0,0.8571428571428571
10590,10590,21,2,-1,0,0,0,6.857142857142857
10600,10600,21,2,-1,0,0,0,14.0
10610,10610,20,2,-1,0,0,0,24.666666666666668
10620,10620,20,3,-1,0,0,0,28.285714285714285
10630,10630,20,0,-1,1,0,1,0.7
10640,10640,18,0,-1,1,0,1,1.8888888888888888
10650,10650,17,0,-1,2,0,2,3.0
10660,10660,13,0,-1,2,0,2,7.833333333333333
10670,10670,10,1,-1,2,0,2,17.0
10680,10680,9,2,-1,0,0,0,2.75
10690,10690,7,2,-1,0,0,0,7.0
10700,10700,6,2,-1,1,0,1,11.666666666666666
10710,10710,6,3,-1,1,0,1,13.75
10720,10720,6,0,-1,1,0,1,0.2
10730,10730,26,0,-1,2,0,2,2.6
10740,10740,25,0,-1,2,0,2,6.6
10750,10750,24,0,-1,3,0,3,11.0
10760,10760,23,0,-1,4,0,4,18.2
10770,10770,23,2,-1,1,0,1,0.0
10780,10780,22,2,-1,1,0,1,3.5
10790,10790,22,2,-1,0,0,0,6.857142857142857
10800,10800,21,2,-1,1,0,1,13.285714285714286
10810,10810,19,0,-1,1,0,1,0.3333333333333333
10820,10820,18,0,-1,1,0,1,2.0
10830,10830,17,0,-1,1,0,1,3.6666666666666665
10840,10840,14,0,-1,1,0,1,8.0
10850,10850,14,0,-1,1,0,1,10.2
10860,10860,13,1,-1,2,0,2,14.8
10870,10870,12,2,-1,2,0,2,8.6
10880,10880,11,2,-1,2,0,2,14.6
10890,10890,10,2,-1,4,0,4,22.0
10900,10900,10,3,-1,3,0,3,14.5
10910,10910,8,0,-1,0,0,0,0.0
10920,10920,7,0,-1,0,0,0,0.0
10930,10930,4,0,-1,1,0,1,3.0
10940,10940,24,0,-1,1,0,1,9.5
10950,10950,24,1,-1,1,0,1,12.333333333333334
10960,10960,23,2,-1,0,0,0,4.5
10970,10970,22,2,-1,0,0,0,8.25
10980,10980,22,2,-1,0,0,0,11.4
10990,10990,22,2,-1,0,0,0,0.3333333333333333
11000,11000,22,0,-1,0,0,0,0.0
11010,11010,20,0,-1,0,0,0,0.0
11020,11020,17,0,-1,0,0,0,0.0
11030,11030,17,0,-1,0,0,0,1.4
11040,11040,17,0,-1,0,0,0,6.333333333333333
11050,11050,17,2,-1,0,0,0,11.142857142857142
11060,11060,17,2,-1,0,0,0,14.75
11070,11070,17,2,-1,0,0,0,19.333333333333332
11080,11080,16,2,-1,1,0,1,0.2222222222222222
11090,11090,14,3,-1,1,0,1,1.5
11100,11100,12,0,-1,0,0,0,0.0
11110,11110,9,0,-1,1,0,1,1.2
11120,11120,6,0,-1,1,0,1,7.333333333333333
11130,11130,6,0,-1,1,0,1,10.5
11140,11140,6,1,-1,1,0,1,12.4
11150,11150,27,2,-1,0,0,0,6.833333333333333
11160,11160,26,2,-1,0,0,0,13.833333333333334
11170,11170,25,2,-1,0,0,0,0.3333333333333333
11180,11180,25,3,-1,0,0,0,1.7142857142857142
11190,11190,22,0,-1,0,0,0,0.0
11200,11200,19,0,-1,1,0,1,0.0
11210,11210,17,0,-1,0,0,0,0.0
11220,11220,17,0,-1,0,0,0,2.3333333333333335
11230,11230,16,0,-1,0,0,0,9.0
11240,11240,16,2,-1,1,0,1,14.0
11250,11250,16,2,-1,1,0,1,17.2
11260,11260,16,2,-1,1,1,2,6.0
11270,11270,15,2,-1,2,1,3,9.333333333333334
11280,11280,13,0,-1,1,1,2,5.4
11290,11290,11,0,-1,1,1,2,11.5
11300,11300,10,0,-1,1,0,1,6.333333333333333
11310,11310,9,0,-1,1,0,1,9.666666666666666
11320,11320,9,0,-1,1,0,1,9.75
11330,11330,8,1,-1,2,0,2,14.25
11340,11340,7,2,-1,1,0,1,2.2
11350,11350,7,2,-1,1,0,1,6.5
11360,11360,27,2,-1,1,0,1,13.166666666666666
11370,11370,27,3,-1,3,0,3,12.166666666666666
11380,11380,27,0,-1,4,0,4,3.857142857142857
11390,11390,26,0,-1,2,0,2,5.857142857142857
11400,11400,25,0,-1,2,0,2,9.857142857142858
11410,11410,25,0,-1,2,0,2,15.0
11420,11420,24,1,-1,2,0,2,22.5
11430,11430,24,2,-1,0,0,0,13.6
11440,11440,24,2,-1,1,0,1,2.5454545454545454
11450,11450,22,2,-1,1,0,1,7.555555555555555
11460,11460,20,2,-1,2,0,2,13.875
11470,11470,19,0,-1,3,0,3,1.75
11480,11480,18,0,-1,2,0,2,4.125
11490,11490,16,0,-1,2,0,2,7.714285714285714
11500,11500,14,0,-1,2,0,2,14.333333333333334
11510,11510,13,0,-1,2,0,2,23.166666666666668
11520,11520,12,2,-1,1,0,1,23.5
11530,11530,12,2,-1,2,0,2,1.1428571428571428
11540,11540,11,2,-1,2,0,2,4.285714285714286
11550,11550,10,2,-1,3,0,3,10.285714285714286
11560,11560,10,3,-1,3,0,3,12.375
11570,11570,31,0,-1,4,0,4,3.2222222222222223
11580,11580,29,0,-1,1,0,1,7.5
11590,11590,27,0,-1,2,0,2,15.0
11600,11600,27,0,-1,2,0,2,19.375
11610,11610,26,1,-1,2,0,2,26.75
11620,11620,26,2,-1,2,0,2,0.1
11630,11630,25,2,-1,1,0,1,2.9
11640,11640,21,2,-1,1,0,1,8.571428571428571
11650,11650,21,3,-1,1,0,1,9.0
11660,11660,21,0,-1,2,0,2,1.2222222222222223
11670,11670,20,0,-1,1,0,1,2.888888888888889
11680,11680,17,0,-1,1,0,1,7.666666666666667
11690,11690,17,0,-1,2,0,2,11.714285714285714
11700,11700,17,0,-1,2,0,2,16.5
11710,11710,16,2,-1,0,0,0,0.0
11720,11720,15,2,-1,2,0,2,1.2222222222222223
11730,11730,12,2,-1,2,1,3,7.428571428571429
11740,11740,12,2,-1,3,1,4,12.75
11750,11750,12,0,-1,2,0,2,6.111111111111111
11760,11760,11,0,-1,1,0,1,1.7777777777777777
11770,11770,9,0,-1,1,0,1,4.0
11780,11780,30,0,-1,1,0,1,7.444444444444445
11790,11790,30,0,-1,1,0,1,13.8
11800,11800,29,1,-1,2,0,2,6.2
11810,11810,27,2,-1,0,0,0,0.6666666666666666
11820,11820,25,2,-1,0,0,0,3.25
11830,11830,22,2,-1,0,0,0,7.666666666666667
11840,11840,22,3,-1,0,0,0,9.428571428571429
11850,11850,20,0,-1,1,0,1,0.5
11860,11860,18,0,-1,0,0,0,1.8
11870,11870,18,0,-1,0,0,0,4.0
11880,11880,17,0,-1,0,0,0,9.333333333333334
11890,11890,17,1,-1,0,0,0,0.0
11900,11900,14,2,-1,0,0,0,0.0
11910,11910,14,2,-1,0,0,0,1.6666666666666667
11920,11920,13,2,-1,2,0,2,6.333333333333333
11930,11930,13,2,-1,2,0,2,12.857142857142858
11940,11940,13,0,-1,1,0,1,6.125
11950,11950,9,0,-1,0,0,0,0.0
11960,11960,7,0,-1,0,0,0,0.0
11970,11970,6,0,-1,0,0,0,5.0
11980,11980,6,0,-1,0,0,0,0.0
11990,11990,25,2,-1,0,0,0,0.0
12000,12000,23,2,-1,1,0,1,2.0
12010,12010,22,2,-1,1,0,1,7.333333333333333
12020,12020,22,2,-1,1,0,1,11.25
12030,12030,22,3,-1,3,0,3,15.4
12040,12040,21,0,-1,1,0,1,2.0
12050,12050,18,0,-1,1,0,1,8.0
12060,12060,18,0,-1,1,0,1,12.5
12070,12070,18,0,-1,1,0,1,8.0
12080,12080,17,1,-1,2,0,2,11.4
12090,12090,17,2,-1,2,0,2,1.0
12100,12100,17,2,-1,2,0,2,7.571428571428571
12110,12110,17,2,-1,3,0,3,13.5
12120,12120,17,3,-1,3,0,3,16.666666666666668
12130,12130,16,0,-1,1,0,1,1.0
12140,12140,13,0,-1,1,0,1,2.7142857142857144
12150,12150,12,0,-1,1,0,1,4.857142857142857
12160,12160,11,0,-1,1,0,1,5.571428571428571
12170,12170,10,0,-1,3,0,3,8.285714285714286
12180,12180,7,2,-1,1,0,1,0.6
12190,12190,7,2,-1,1,0,1,5.333333333333333
12200,12200,28,2,-1,1,0,1,10.285714285714286
12210,12210,28,2,-1,2,0,2,14.875
12220,12220,28,0,-1,1,0,1,10.11111111111111
12230,12230,28,0,-1,1,0,1,4.0
12240,12240,27,0,-1,2,0,2,7.3
12250,12250,26,0,-1,1,0,1,3.4
12260,12260,25,0,-1,1,0,1,4.4
12270,12270,22,1,-1,2,0,2,6.875
12280,12280,20,2,-1,0,0,0,0.8571428571428571
12290,12290,18,2,-1,1,0,1,6.0
12300,12300,18,2,-1,1,0,1,10.857142857142858
12310,12310,18,3,-1,2,0,2,15.25
12320,12320,17,0,-1,1,0,1,5.25
12330,12330,15,0,-1,1,0,1,11.333333333333334
12340,12340,14,0,-1,1,0,1,2.6666666666666665
12350,12350,13,0,-1,1,0,1,4.333333333333333
12360,12360,11,1,-1,2,0,2,7.2
12370,12370,10,2,-1,1,0,1,1.0
12380,12380,8,2,-1,1,0,1,4.6
12390,12390,6,2,-1,2,0,2,12.25
12400,12400,6,2,-1,2,0,2,17.8
12410,12410,27,0,-1,0,0,0,3.5
12420,12420,25,0,-1,1,0,1,1.2
12430,12430,24,0,-1,2,0,2,0.8
12440,12440,23,0,-1,2,0,2,4.8
12450,12450,23,0,-1,3,0,3,7.5
12460,12460,22,2,-1,2,0,2,2.0
12470,12470,22,2,-1,2,0,2,3.857142857142857
12480,12480,21,2,-1,2,0,2,9.571428571428571
12490,12490,20,2,-1,2,0,2,15.285714285714286
12500,12500,18,3,-1,2,0,2,25.166666666666668
12510,12510,16,0,-1,0,0,0,3.8
12520,12520,15,0,-1,1,0,1,0.8
12530,12530,14,0,-1,1,0,1,2.8
12540,12540,12,0,-1,1,0,1,6.0
12550,12550,11,1,-1,1,0,1,8.5
12560,12560,11,2,-1,0,0,0,3.4
12570,12570,11,2,-1,0,0,0,10.166666666666666
12580,12580,10,2,-1,0,0,0,18.5
12590,12590,10,3,-1,0,0,0,23.0
12600,12600,10,0,-1,0,0,0,15.75
12610,12610,8,0,-1,0,0,0,0.0
12620,12620,28,0,-1,1,0,1,1.1428571428571428
12630,12630,27,0,-1,1,0,1,2.5714285714285716
12640,12640,25,0,-1,2,0,2,6.0
12650,12650,25,2,-1,0,0,0,1.1428571428571428
12660,12660,23,2,-1,1,0,1,6.5
12670,12670,23,2,-1,1,0,1,13.714285714285714
12680,12680,23,2,-1,1,0,1,19.5
12690,12690,22,0,-1,1,0,1,14.625
12700,12700,19,0,-1,1,0,1,0.8333333333333334
12710,12710,15,0,-1,1,0,1,5.0
12720,12720,14,0,-1,1,0,1,8.333333333333334
12730,12730,14,0,-1,1,0,1,8.75
12740,12740,14,1,-1,2,0,2,11.2
12750,12750,13,2,-1,0,0,0,3.6
12760,12760,11,2,-1,1,0,1,10.0
12770,12770,11,2,-1,1,0,1,17.5
12780,12780,11,3,-1,1,0,1,21.6
12790,12790,11,0,-1,0,0,0,0.42857142857142855
12800,12800,8,0,-1,1,0,1,0.6
12810,12810,7,0,-1,1,0,1,2.6
12820,12820,6,0,-1,1,0,1,4.6
12830,12830,25,1,-1,2,0,2,9.5
12840,12840,24,2,-1,0,0,0,3.5
12850,12850,24,2,-1,1,0,1,7.6
12860,12860,24,2,-1,3,0,3,12.666666666666666
12870,12870,23,2,-1,3,0,3,21.666666666666668
12880,12880,23,0,-1,1,0,1,0.0
12890,12890,19,0,-1,0,0,0,0.0
12900,12900,17,0,-1,0,0,0,0.0
12910,12910,15,0,-1,0,0,0,0.0
12920,12920,15,0,-1,0,0,0,0.0
12930,12930,14,2,-1,0,0,0,1.6666666666666667
12940,12940,13,2,-1,0,0,0,8.0
12950,12950,13,2,-1,0,0,0,13.25
12960,12960,13,2,-1,0,0,0,16.6
12970,12970,13,3,-1,2,0,2,13.0
12980,12980,11,0,-1,0,0,0,0.0
12990,12990,9,0,-1,0,0,0,0.0
13000,13000,8,0,-1,1,0,1,1.0
13010,13010,8,0,-1,2,0,2,4.6
13020,13020,6,1,-1,1,0,1,10.25
13030,13030,5,2,-1,1,0,1,8.75
13040,13040,26,2,-1,1,0,1,13.2
13050,13050,26,2,-1,1,0,1,19.0
13060,13060,25,3,-1,1,0,1,21.4
13070,13070,25,0,-1,0,0,0,0.0
13080,13080,24,0,-1,0,0,0,0.0
13090,13090,21,0,-1,1,0,1,0.4
13100,13100,21,0,-1,2,0,2,3.1666666666666665
13110,13110,21,0,-1,2,0,2,6.428571428571429
13120,13120,21,2,-1,1,0,1,4.25
13130,13130,19,2,-1,1,0,1,12.0
13140,13140,19,2,-1,1,0,1,19.125
13150,13150,18,2,-1,1,0,1,12.625
13160,13160,17,0,-1,0,0,0,7.875
13170,13170,16,0,-1,0,0,0,0.0
13180,13180,14,0,-1,1,0,1,0.5714285714285714
13190,13190,11,0,-1,1,0,1,3.0
13200,13200,11,0,-1,1,0,1,7.166666666666667
13210,13210,11,1,-1,2,0,2,12.0
13220,13220,11,2,-1,1,0,1,11.625
13230,13230,10,2,-1,1,0,1,19.125
13240,13240,7,2,-1,1,0,1,12.5
13250,13250,28,3,-1,2,0,2,15.285714285714286
13260,13260,27,0,-1,2,0,2,1.1666666666666667
13270,13270,27,0,-1,0,0,0,0.0
13280,13280,24,0,-1,0,0,0,0.16666666666666666
13290,13290,24,0,-1,0,0,0,3.0
13300,13300,24,1,-1,0,0,0,8.75
13310,13310,24,2,-1,0,0,0,14.444444444444445
13320,13320,24,2,-1,0,0,0,21.3
13330,13330,22,2,-1,0,0,0,2.111111111111111
13340,13340,20,2,-1,0,0,0,4.125
13350,13350,19,0,-1,0,0,0,0.0
13360,13360,17,0,-1,0,0,0,0.0
13370,13370,15,0,-1,0,0,0,0.0
13380,13380,13,0,-1,0,0,0,0.0
13390,13390,10,0,-1,0,0,0,2.0
13400,13400,10,2,-1,0,0,0,4.5
13410,13410,8,2,-1,0,0,0,13.333333333333334
13420,13420,8,2,-1,0,0,0,0.0
13430,13430,7,2,-1,0,0,0,0.5
13440,13440,5,3,-1,0,0,0,4.0
13450,13450,5,0,-1,1,0,1,2.25
13460,13460,26,0,-1,2,0,2,5.0
13470,13470,26,0,-1,2,0,2,8.333333333333334
13480,13480,25,0,-1,2,0,2,16.333333333333332
13490,13490,25,1,-1,3,0,3,21.142857142857142
13500,13500,24,2,-1,1,0,1,15.142857142857142
13510,13510,24,2,-1,1,0,1,1.875
13520,13520,23,2,-1,1,0,1,4.375
13530,13530,22,3,-1,2,0,2,7.875
13540,13540,20,0,-1,0,0,0,0.0
13550,13550,19,0,-1,0,0,0,0.0
13560,13560,17,0,-1,1,0,1,1.0
13570,13570,16,0,-1,1,0,1,5.333333333333333
13580,13580,16,0,-1,1,0,1,10.285714285714286
13590,13590,16,2,-1,0,0,0,10.875
13600,13600,11,2,-1,0,0,0,0.0
13610,13610,11,2,-1,1,0,1,2.4
13620,13620,10,2,-1,2,0,2,7.4
13630,13630,9,0,-1,0,0,0,0.0
13640,13640,7,0,-1,0,0,0,0.0
13650,13650,5,0,-1,1,0,1,1.0
13660,13660,4,0,-1,1,0,1,4.333333333333333
13670,13670,25,0,-1,2,0,2,6.75
13680,13680,24,1,-1,2,0,2,17.333333333333332
13690,13690,23,2,-1,0,0,0,0.0
13700,13700,22,2,-1,0,0,0,4.0
13710,13710,21,2,-1,1,0,1,9.75
13720,13720,20,3,-1,1,0,1,17.25
13730,13730,19,0,-1,1,0,1,2.25
13740,13740,18,0,-1,1,0,1,5.75
13750,13750,18,0,-1,2,0,2,8.8
13760,13760,17,0,-1,2,0,2,12.6
13770,13770,16,1,-1,2,0,2,18.4
13780,13780,16,2,-1,0,0,0,0.0
13790,13790,16,2,-1,0,0,0,0.0
13800,13800,14,2,-1,0,0,0,0.0
13810,13810,13,2,-1,1,0,1,1.3333333333333333
13820,13820,11,0,-1,0,0,0,0.0
13830,13830,9,0,-1,0,0,0,0.0
13840,13840,7,0,-1,0,0,0,0.0
13850,13850,7,0,-1,0,0,0,0.0
13860,13860,6,0,-1,0,0,0,2.0
13870,13870,5,2,-1,0,0,0,0.0
13880,13880,25,2,-1,0,0,0,1.25
13890,13890,25,2,-1,1,0,1,4.4
13900,13900,24,2,-1,1,0,1,9.4
13910,13910,23,3,-1,1,0,1,18.2
13920,13920,22,0,-1,0,0,0,3.0
13930,13930,19,0,-1,0,0,0,8.333333333333334
13940,13940,18,0,-1,0,0,0,11.666666666666666
13950,13950,18,0,-1,0,0,0,14.5
13960,13960,17,1,-1,1,0,1,1.0
13970,13970,17,2,-1,2,0,2,1.2
13980,13980,17,2,-1,2,0,2,7.6
13990,13990,17,2,-1,2,0,2,13.0
14000,14000,16,3,-1,2,0,2,20.5
14010,14010,16,0,-1,2,0,2,2.857142857142857
14020,14020,13,0,-1,0,0,0,4.166666666666667
14030,14030,12,0,-1,0,0,0,5.833333333333333
14040,14040,11,0,-1,1,0,1,9.0
14050,14050,9,0,-1,1,0,1,1.2
14060,14060,9,2,-1,1,0,1,0.5
14070,14070,9,2,-1,2,0,2,2.857142857142857
14080,14080,8,2,-1,2,0,2,8.333333333333334
14090,14090,28,2,-1,2,0,2,14.333333333333334
14100,14100,28,0,-1,2,0,2,12.142857142857142
14110,14110,28,0,-1,1,0,1,4.75
14120,14120,25,0,-1,2,0,2,8.571428571428571
14130,14130,23,0,-1,3,0,3,16.5
14140,14140,22,0,-1,3,0,3,14.166666666666666
14150,14150,22,1,-1,3,0,3,17.857142857142858
14160,14160,21,2,-1,1,0,1,1.0
14170,14170,20,2,-1,1,0,1,6.285714285714286
14180,14180,20,2,-1,2,0,2,11.25
14190,14190,20,3,-1,3,0,3,10.666666666666666
14200,14200,20,0,-1,2,0,2,5.8
14210,14210,20,0,-1,2,0,2,9.818181818181818
14220,14220,18,0,-1,2,0,2,17.2
14230,14230,17,0,-1,2,0,2,13.7
14240,14240,17,1,-1,2,0,2,16.09090909090909
14250,14250,17,2,-1,0,0,0,0.0
14260,14260,17,2,-1,2,0,2,3.076923076923077
14270,14270,15,2,-1,3,0,3,10.833333333333334
14280,14280,15,2,-1,4,0,4,18.23076923076923
14290,14290,15,0,-1,5,0,5,4.230769230769231
14300,14300,32,0,-1,3,0,3,6.3
14310,14310,29,0,-1,2,0,2,9.444444444444445
14320,14320,27,0,-1,2,0,2,9.625
14330,14330,26,0,-1,2,0,2,13.375
14340,14340,25,2,-1,3,0,3,10.0
14350,14350,24,2,-1,3,0,3,4.375
14360,14360,22,2,-1,3,0,3,13.571428571428571
14370,14370,22,2,-1,4,0,4,20.0
14380,14380,22,3,-1,4,0,4,15.88888888888889
14390,14390,22,0,-1,6,0,6,6.7
14400,14400,22,0,-1,6,0,6,14.727272727272727
14410,14410,21,0,-1,6,0,6,19.636363636363637
14420,14420,21,0,-1,6,0,6,27.818181818181817
14430,14430,20,1,-1,6,0,6,36.0
14440,14440,19,2,-1,5,0,5,28.727272727272727
14450,14450,19,2,-1,7,0,7,35.333333333333336
14460,14460,19,2,-1,7,0,7,41.84615384615385
14470,14470,19,3,-1,7,0,7,48.84615384615385
14480,14480,19,0,-1,7,0,7,58.38461538461539
14490,14490,19,0,-1,7,0,7,63.5
14500,14500,19,0,-1,7,0,7,62.6
14510,14510,40,0,-1,9,0,9,66.375
14520,14520,40,0,-1,9,0,9,75.75
14530,14530,40,2,-1,9,0,9,80.70588235294117
14540,14540,40,2,-1,9,0,9,85.33333333333333
14550,14550,39,2,-1,9,0,9,100.3529411764706
14560,14560,39,2,-1,9,0,9,110.3529411764706
14570,14570,39,0,-1,9,0,9,113.66666666666667
14580,14580,39,0,-1,9,0,9,117.05263157894737
14590,14590,39,0,-1,9,0,9,120.35
14600,14600,39,0,-1,9,0,9,123.9047619047619
14610,14610,39,0,-1,9,0,9,127.36363636363636
14620,14620,39,1,-1,9,0,9,136.8181818181818
14630,14630,39,2,-1,9,0,9,146.63636363636363
14640,14640,39,2,-1,9,0,9,149.82608695652175
14650,14650,39,2,-1,9,0,9,152.75
14660,14660,39,3,-1,9,0,9,162.25
14670,14670,39,0,-1,9,0,9,172.20833333333334
14680,14680,39,0,-1,9,0,9,173.8
14690,14690,38,0,-1,9,0,9,190.625
14700,14700,38,0,-1,9,0,9,200.58333333333334
14710,14710,38,1,-1,9,0,9,210.58333333333334
14720,14720,59,2,-1,9,0,9,211.76
14730,14730,59,2,-1,10,0,10,213.30769230769232
14740,14740,59,2,-1,10,0,10,215.03703703703704
14750,14750,59,2,-1,10,0,10,215.85714285714286
14760,14760,58,0,-1,10,0,10,225.07142857142858
14770,14770,58,0,-1,10,0,10,234.35714285714286
14780,14780,57,0,-1,10,1,11,252.66666666666666
14790,14790,57,0,-1,10,1,11,262.6666666666667
14800,14800,57,0,-1,10,1,11,262.92857142857144
14810,14810,57,2,-1,10,0,10,262.3448275862069
14820,14820,57,2,-1,10,0,10,271.6551724137931
14830,14830,55,2,-1,10,0,10,301.77777777777777
14840,14840,55,2,-1,10,0,10,300.75
14850,14850,55,3,-1,10,0,10,310.75
14860,14860,55,0,-1,10,0,10,320.75
14870,14870,55,0,-1,10,0,10,319.3448275862069
14880,14880,55,0,-1,10,0,10,318.03333333333336
14890,14890,55,0,-1,10,0,10,317.0967741935484
14900,14900,54,1,-1,10,0,10,337.43333333333334
14910,14910,54,2,-1,10,0,10,347.43333333333334
14920,14920,54,2,-1,10,0,10,346.1290322580645
14930,14930,75,2,-1,10,0,10,356.1290322580645
14940,14940,75,3,-1,10,0,10,366.1290322580645
14950,14950,75,0,-1,10,0,10,376.1290322580645
14960,14960,75,0,-1,10,0,10,374.0625
14970,14970,75,0,-1,10,0,10,372.1818181818182
14980,14980,75,0,-1,10,0,10,370.6470588235294
14990,14990,75,0,-1,11,0,11,369.4
15000,15000,75,2,-1,11,0,11,379.25714285714287
15010,15010,75,2,-1,11,0,11,378.47222222222223
15020,15020,75,2,-1,11,0,11,377.97297297297297
15030,15030,75,2,-1,11,0,11,377.5263157894737
15040,15040,75,0,-1,11,0,11,377.3333333333333
15050,15050,75,0,-1,11,0,11,386.9230769230769
15060,15060,74,0,-1,11,0,11,396.7692307692308
15070,15070,74,0,-1,11,0,11,406.7692307692308
15080,15080,74,0,-1,11,0,11,406.35
15090,15090,74,1,-1,11,0,11,416.1
15100,15100,74,2,-1,11,0,11,415.6829268292683
15110,15110,74,2,-1,11,0,11,415.4047619047619
15120,15120,74,2,-1,11,0,11,425.1666666666667
15130,15130,74,3,-1,11,0,11,423.90697674418607
15140,15140,95,0,-1,11,0,11,433.30232558139534
15150,15150,95,0,-1,11,1,12,443.04651162790697
15160,15160,95,0,-1,11,1,12,452.8139534883721
15170,15170,94,0,-1,11,0,11,461.90697674418607
15180,15180,94,1,-1,11,0,11,460.72727272727275
15190,15190,94,2,-1,11,0,11,470.27272727272725
15200,15200,94,2,-1,11,0,11,480.04545454545456
15210,15210,94,2,-1,11,0,11,479.0
15220,15220,94,2,-1,11,0,11,478.04347826086956
15230,15230,94,0,-1,11,0,11,487.67391304347825
15240,15240,93,0,-1,11,0,11,497.45652173913044
15250,15250,93,0,-1,11,0,11,496.4468085106383
15260,15260,93,0,-1,11,0,11,495.7708333333333
15270,15270,93,0,-1,11,0,11,495.40816326530614
15280,15280,93,2,-1,11,0,11,495.44
15290,15290,93,2,-1,11,0,11,495.5882352941176
15300,15300,93,2,-1,11,0,11,505.5882352941176
15310,15310,93,2,-1,11,0,11,501.90384615384613
15320,15320,93,3,-1,11,0,11,501.5660377358491
15330,15330,92,0,-1,11,0,11,520.8269230769231
15340,15340,92,0,-1,11,0,11,520.433962264151
15350,15350,112,0,-1,11,0,11,540.1346153846154
15360,15360,112,0,-1,11,0,11,549.9423076923077
15370,15370,112,1,-1,11,0,11,549.3018867924528
15380,15380,112,2,-1,11,0,11,548.9444444444445
15390,15390,112,2,-1,11,0,11,558.7592592592592
15400,15400,112,2,-1,11,0,11,567.3518518518518
15410,15410,112,3,-1,11,0,11,566.3818181818182
15420,15420,110,0,-1,11,1,12,586.5
15430,15430,110,0,-1,11,1,12,585.4727272727273
15440,15440,110,0,-1,11,0,11,594.9454545454546
15450,15450,110,0,-1,11,0,11,604.5818181818182
15460,15460,109,0,-1,11,0,11,625.5925925925926
15470,15470,109,2,-1,11,0,11,623.8545454545455
15480,15480,109,2,-1,11,0,11,622.3214285714286
15490,15490,109,2,-1,11,0,11,620.561403508772
15500,15500,109,2,-1,11,0,11,619.2586206896551
15510,15510,108,0,-1,11,0,11,639.8245614035088
15520,15520,108,0,-1,11,0,11,649.6491228070175
15530,15530,108,0,-1,11,0,11,648.1034482758621
15540,15540,108,0,-1,11,0,11,646.6610169491526
15550,15550,107,0,-1,11,0,11,667.7413793103449
15560,15560,128,1,-1,11,0,11,677.7413793103449
15570,15570,128,2,-1,11,0,11,687.7413793103449
15580,15580,128,2,-1,11,0,11,684.5762711864406
15590,15590,128,2,-1,11,0,11,694.2372881355932
15600,15600,127,3,-1,11,0,11,716.0344827586207
15610,15610,127,0,-1,11,0,11,713.5593220338983
15620,15620,127,0,-1,11,0,11,711.2833333333333
15630,15630,127,0,-1,11,0,11,721.0833333333334
15640,15640,127,0,-1,11,0,11,719.0491803278688
15650,15650,127,1,-1,11,0,11,728.8852459016393
15660,15660,127,2,-1,11,0,11,738.7213114754098
15670,15670,127,2,-1,11,1,12,746.2622950819672
15680,15680,126,2,-1,11,1,12,755.7704918032787
15690,15690,126,2,-1,11,2,13,753.0
15700,15700,126,0,-1,11,2,13,762.8225806451613
15710,15710,126,0,-1,11,1,12,772.3064516129032
15720,15720,126,0,-1,11,2,13,782.0967741935484
15730,15730,126,0,-1,11,2,13,779.3809523809524
15740,15740,126,0,-1,11,2,13,776.890625
15750,15750,126,2,-1,11,2,13,786.671875
15760,15760,126,2,-1,11,2,13,796.515625
15770,15770,146,2,-1,11,2,13,819.1587301587301
15780,15780,146,2,-1,11,2,13,829.1587301587301
15790,15790,146,3,-1,11,2,13,839.1587301587301
15800,15800,146,0,-1,11,2,13,835.890625
15810,15810,146,0,-1,11,2,13,845.859375
15820,15820,146,0,-1,11,2,13,842.6923076923077
15830,15830,146,0,-1,11,2,13,852.6923076923077
15840,15840,146,1,-1,11,2,13,849.6212121212121
15850,15850,146,2,-1,11,2,13,859.469696969697
15860,15860,146,2,-1,11,2,13,856.4029850746268
15870,15870,146,2,-1,11,3,14,866.3731343283582
15880,15880,146,3,-1,11,3,14,863.4852941176471
15890,15890,146,0,-1,11,3,14,873.4852941176471
15900,15900,146,0,-1,11,3,14,870.6811594202899
15910,15910,146,0,-1,11,3,14,880.536231884058
15920,15920,146,0,-1,11,3,14,890.3913043478261
15930,15930,146,0,-1,11,4,15,887.4571428571429
15940,15940,146,2,-1,11,5,16,884.7042253521126
15950,15950,146,2,-1,11,5,16,882.1388888888889
15960,15960,146,2,-1,11,6,17,891.9305555555555
15970,15970,146,2,-1,11,5,16,901.5833333333334
15980,15980,167,0,-1,11,5,16,898.9041095890411
15990,15990,167,0,-1,11,5,16,908.6301369863014
16000,16000,167,0,-1,11,5,16,906.1621621621622
16010,16010,167,0,-1,11,5,16,916.027027027027
16020,16020,167,0,-1,11,5,16,925.8918918918919
16030,16030,166,1,-1,11,7,18,946.8630136986301
16040,16040,165,2,-1,11,7,18,956.7260273972603
16050,16050,165,2,-1,11,7,18,953.527027027027
16060,16060,164,2,-1,11,7,18,963.2567567567568
16070,16070,164,3,-1,11,7,18,972.9864864864865
16080,16080,164,0,-1,11,7,18,982.8243243243244
16090,16090,164,0,-1,11,7,18,992.6891891891892
16100,16100,164,0,-1,11,7,18,989.2533333333333
16110,16110,164,0,-1,11,7,18,999.12
16120,16120,164,1,-1,11,7,18,1008.0933333333334
16130,16130,164,2,-1,11,7,18,1004.4342105263158
16140,16140,163,2,-1,11,7,18,1027.5866666666666
16150,16150,163,2,-1,11,7,18,1023.8421052631579
16160,16160,163,2,-1,11,7,18,1033.7368421052631
16170,16170,163,0,-1,11,7,18,1030.2207792207791
16180,16180,163,0,-1,11,7,18,1026.9102564102564
16190,16190,184,0,-1,11,7,18,1023.8354430379746
16200,16200,184,0,-1,11,7,18,1020.9125
16210,16210,184,0,-1,12,7,19,1017.8024691358024
16220,16220,184,2,-1,12,7,19,1015.0243902439024
16230,16230,184,2,-1,12,7,19,1024.7560975609756
16240,16240,184,2,-1,12,7,19,1022.0481927710844
16250,16250,183,2,-1,12,7,19,1044.2682926829268
16260,16260,183,3,-1,12,7,19,1041.421686746988
16270,16270,183,0,-1,12,7,19,1038.8095238095239
16280,16280,183,0,-1,12,7,19,1048.6904761904761
16290,16290,183,0,-1,12,7,19,1058.595238095238
16300,16300,183,0,-1,12,7,19,1067.0238095238096
16310,16310,183,1,-1,12,7,19,1063.894117647059
16320,16320,183,2,-1,12,7,19,1073.5764705882352
16330,16330,183,2,-1,12,7,19,1070.7906976744187
16340,16340,183,2,-1,12,7,19,1080.6744186046512
16350,16350,183,3,-1,12,7,19,1090.5581395348838
16360,16360,183,0,-1,12,7,19,1100.4418604651162
16370,16370,183,0,-1,12,7,19,1110.3255813953488
16380,16380,183,0,-1,12,7,19,1107.3333333333333
16390,16390,183,0,-1,12,7,19,1117.103448275862
16400,16400,204,0,-1,12,7,19,1114.090909090909
16410,16410,203,2,-1,12,7,19,1136.7931034482758
16420,16420,203,2,-1,12,7,19,1146.7701149425288
16430,16430,203,2,-1,12,7,19,1156.7701149425288
16440,16440,203,2,-1,12,7,19,1153.5113636363637
16450,16450,203,0,-1,12,7,19,1150.3370786516855
16460,16460,203,0,-1,12,7,19,1160.3033707865168
16470,16470,203,0,-1,12,7,19,1157.3333333333333
16480,16480,203,0,-1,12,7,19,1166.6888888888889
16490,16490,203,0,-1,12,7,19,1176.4777777777779
16500,16500,203,1,-1,12,7,19,1173.4175824175825
16510,16510,203,2,-1,12,7,19,1170.554347826087
16520,16520,203,2,-1,12,7,19,1167.8387096774193
16530,16530,203,2,-1,12,7,19,1177.8387096774193
16540,16540,203,3,-1,12,7,19,1175.2446808510638
16550,16550,203,0,-1,12,7,19,1172.821052631579
16560,16560,203,0,-1,12,7,19,1182.821052631579
16570,16570,203,0,-1,12,7,19,1192.821052631579
16580,16580,203,0,-1,12,7,19,1202.821052631579
16590,16590,203,1,-1,12,7,19,1212.821052631579
16600,16600,203,2,-1,12,7,19,1222.821052631579
16610,16610,224,2,-1,12,7,19,1219.9791666666667
16620,16620,224,2,-1,12,7,19,1229.875
16630,16630,224,2,-1,12,7,19,1239.78125
16640,16640,224,0,-1,12,7,19,1249.78125
16650,16650,224,0,-1,12,7,19,1246.8247422680413
16660,16660,224,0,-1,12,7,19,1256.6907216494844
16670,16670,224,0,-1,12,7,19,1266.639175257732
16680,16680,224,0,-1,13,7,20,1263.6836734693877
16690,16690,224,2,-1,13,7,20,1260.8181818181818
16700,16700,224,2,-1,13,7,20,1270.7777777777778
16710,16710,224,2,-1,13,7,20,1280.7777777777778
16720,16720,224,2,-1,13,7,20,1290.7777777777778
16730,16730,224,3,-1,13,7,20,1300.7777777777778
16740,16740,224,0,-1,13,7,20,1310.7777777777778
16750,16750,224,0,-1,13,7,20,1320.2121212121212
16760,16760,224,0,-1,13,7,20,1330.171717171717
16770,16770,224,0,-1,13,7,20,1340.171717171717
16780,16780,224,1,-1,13,7,20,1350.171717171717
16790,16790,224,2,-1,13,7,20,1360.171717171717
16800,16800,224,2,-1,13,7,20,1356.47
16810,16810,224,2,-1,14,7,21,1352.881188118812
16820,16820,245,3,-1,14,7,21,1362.8415841584158
16830,16830,245,0,-1,14,7,21,1359.3823529411766
16840,16840,245,0,-1,14,7,21,1355.8058252427184
16850,16850,245,0,-1,14,7,21,1365.6601941747572
16860,16860,245,0,-1,14,7,21,1375.5631067961165
16870,16870,245,0,-1,14,7,21,1372.1442307692307
16880,16880,245,2,-1,14,7,21,1382.0288461538462
16890,16890,245,2,-1,14,7,21,1392.0288461538462
16900,16900,245,2,-1,14,7,21,1388.6857142857143
16910,16910,245,2,-1,14,7,21,1385.4905660377358
16920,16920,245,0,-1,14,7,21,1395.3962264150944
16930,16930,245,0,-1,14,7,21,1404.4716981132076
16940,16940,245,0,-1,14,7,21,1401.03738317757
16950,16950,242,0,-1,14,7,21,1437.7047619047619
16960,16960,242,0,-1,14,7,21,1447.7047619047619
16970,16970,242,1,-1,14,7,21,1443.9811320754718
16980,16980,242,2,-1,14,7,21,1453.9811320754718
16990,16990,242,2,-1,14,7,21,1463.9811320754718
17000,17000,242,2,-1,14,7,21,1473.9811320754718
17010,17010,242,3,-1,14,7,21,1483.9811320754718
17020,17020,242,0,-1,14,7,21,1479.5233644859813
17030,17030,263,0,-1,14,7,21,1489.392523364486
17040,17040,263,0,-1,14,7,21,1499.3831775700935
17050,17050,263,0,-1,14,7,21,1509.3831775700935
17060,17060,263,1,-1,14,7,21,1519.3831775700935
17070,17070,263,2,-1,14,7,21,1529.3831775700935
17080,17080,263,2,-1,14,7,21,1525.1296296296296
17090,17090,263,2,-1,14,7,21,1535.037037037037
17100,17100,262,2,-1,14,7,21,1544.9444444444443
17110,17110,262,0,-1,14,7,21,1554.851851851852
17120,17120,262,0,-1,14,7,21,1564.7592592592594
17130,17130,261,0,-1,14,7,21,1589.3831775700935
17140,17140,261,0,-1,14,7,21,1599.3831775700935
17150,17150,261,0,-1,14,7,21,1594.4814814814815
17160,17160,261,2,-1,14,7,21,1604.388888888889
17170,17170,261,2,-1,14,7,21,1614.2962962962963
17180,17180,261,2,-1,14,7,21,1609.3302752293578
17190,17190,261,2,-1,14,7,21,1619.2385321100917
17200,17200,261,3,-1,14,7,21,1628.9357798165138
17210,17210,261,0,-1,14,7,21,1638.834862385321
17220,17220,261,0,-1,14,7,21,1648.7431192660551
17230,17230,261,0,-1,14,7,21,1643.5727272727272
17240,17240,282,0,-1,14,7,21,1653.3909090909092
17250,17250,281,1,-1,14,7,21,1678.532110091743
17260,17260,281,2,-1,14,7,21,1688.532110091743
17270,17270,281,2,-1,14,7,21,1698.532110091743
17280,17280,281,2,-1,14,7,21,1708.532110091743
17290,17290,281,3,-1,14,7,21,1718.532110091743
17300,17300,281,0,-1,14,7,21,1728.532110091743
17310,17310,281,0,-1,14,7,21,1722.7272727272727
17320,17320,281,0,-1,14,7,21,1732.6363636363637
17330,17330,281,0,-1,14,7,21,1742.6090909090908
17340,17340,281,0,-1,14,7,21,1752.6090909090908
17350,17350,281,2,-1,14,7,21,1746.7297297297298
17360,17360,281,2,-1,14,7,21,1756.6396396396397
17370,17370,281,2,-1,14,7,21,1766.6036036036037
17380,17380,281,2,-1,14,7,21,1760.6339285714287
17390,17390,281,0,-1,14,7,21,1770.625
17400,17400,281,0,-1,14,7,21,1780.625
17410,17410,281,0,-1,14,7,21,1790.625
17420,17420,281,0,-1,14,7,21,1784.6902654867256
17430,17430,281,0,-1,14,7,21,1794.6017699115043
17440,17440,281,1,-1,14,7,21,1804.5486725663716
17450,17450,302,2,-1,14,7,21,1798.6842105263158
17460,17460,302,2,-1,14,7,21,1808.6842105263158
17470,17470,301,2,-1,14,7,21,1834.4778761061948
17480,17480,301,3,-1,14,7,21,1828.298245614035
17490,17490,301,0,-1,14,7,21,1838.2456140350878
17500,17500,301,0,-1,14,7,21,1848.2456140350878
17510,17510,301,0,-1,14,7,21,1842.0869565217392
17520,17520,301,0,-1,14,7,21,1852.0
17530,17530,301,1,-1,14,8,22,1861.9565217391305
17540,17540,301,2,-1,14,8,22,1871.9565217391305
17550,17550,301,2,-1,14,8,22,1881.9565217391305
17560,17560,301,2,-1,14,8,22,1891.9565217391305
17570,17570,301,2,-1,14,8,22,1885.5603448275863
17580,17580,300,0,-1,14,8,22,1911.9565217391305
17590,17590,300,0,-1,14,8,22,1921.9565217391305
17600,17600,300,0,-1,14,8,22,1931.9565217391305
17610,17610,300,0,-1,14,8,22,1941.9565217391305
17620,17620,300,0,-1,14,8,22,1951.9565217391305
17630,17630,300,2,-1,14,8,22,1961.9565217391305
17640,17640,300,2,-1,14,8,22,1954.9568965517242
17650,17650,300,2,-1,14,8,22,1964.8706896551723
17660,17660,321,2,-1,14,9,23,1957.991452991453
17670,17670,321,3,-1,14,9,23,1967.905982905983
17680,17680,321,0,-1,14,10,24,1961.0677966101696
17690,17690,321,0,-1,14,10,24,1970.9830508474577
17700,17700,321,0,-1,14,10,24,1980.8983050847457
17710,17710,321,0,-1,14,10,24,1990.8135593220338
17720,17720,321,1,-1,14,10,24,2000.7288135593221
17730,17730,321,2,-1,14,11,25,2010.7118644067796
17740,17740,321,2,-1,14,11,25,2003.7310924369747
17750,17750,321,2,-1,14,11,25,2013.6470588235295
17760,17760,321,3,-1,14,12,26,2006.7083333333333
17770,17770,321,0,-1,14,12,26,2016.625
17780,17780,321,0,-1,14,12,26,2026.5416666666667
17790,17790,321,0,-1,14,12,26,2036.4583333333333
17800,17800,321,0,-1,14,12,26,2029.4628099173553
17810,17810,321,0,-1,14,13,27,2022.6967213114754
17820,17820,321,2,-1,14,13,27,2032.6147540983607
17830,17830,321,2,-1,14,13,27,2042.532786885246
17840,17840,321,2,-1,14,13,27,2052.4508196721313
17850,17850,321,2,-1,14,13,27,2045.60162601626
17860,17860,321,0,-1,14,13,27,2038.8629032258063
17870,17870,342,0,-1,14,14,28,2048.733870967742
17880,17880,342,0,-1,14,14,28,2058.6532258064517
17890,17890,342,0,-1,14,14,28,2068.5725806451615
17900,17900,342,0,-1,14,14,28,2078.4919354838707
17910,17910,342,1,-1,14,14,28,2088.451612903226
17920,17920,342,2,-1,14,14,28,2098.0725806451615
17930,17930,342,2,-1,14,14,28,2108.0725806451615
17940,17940,342,2,-1,14,14,28,2118.0725806451615
17950,17950,342,3,-1,14,14,28,2128.0725806451615
17960,17960,342,0,-1,14,14,28,2138.0725806451615
17970,17970,342,0,-1,14,14,28,2148.0725806451615
17980,17980,342,0,-1,14,14,28,2140.816
17990,17990,342,0,-1,15,14,29,2133.7619047619046
18000,18000,342,1,-1,15,14,29,2143.7619047619046
18010,18010,342,2,-1,15,14,29,2136.803149606299
18020,18020,342,2,-1,15,14,29,2146.7244094488187
18030,18030,342,2,-1,15,14,29,2156.7244094488187
18040,18040,342,2,-1,15,14,29,2166.7244094488187
18050,18050,342,0,-1,15,14,29,2176.7244094488187
18060,18060,342,0,-1,15,14,29,2169.65625
18070,18070,342,0,-1,16,14,30,2162.8217054263564
18080,18080,363,0,-1,16,14,30,2172.8217054263564
18090,18090,363,0,-1,16,14,30,2182.8217054263564
18100,18100,363,2,-1,16,14,30,2175.9538461538464
18110,18110,363,2,-1,16,14,30,2185.876923076923
18120,18120,363,2,-1,16,15,31,2195.8384615384616
18130,18130,363,2,-1,16,15,31,2205.8384615384616
18140,18140,363,3,-1,16,15,31,2215.8384615384616
18150,18150,363,0,-1,16,15,31,2225.8384615384616
18160,18160,363,0,-1,16,15,31,2235.8384615384616
18170,18170,363,0,-1,16,15,31,2245.8384615384616
18180,18180,363,0,-1,16,15,31,2238.664122137405
18190,18190,363,1,-1,16,15,31,2248.664122137405
18200,18200,363,2,-1,16,15,31,2258.664122137405
18210,18210,363,2,-1,16,15,31,2268.664122137405
18220,18220,363,2,-1,16,15,31,2278.664122137405
18230,18230,363,3,-1,16,15,31,2271.3257575757575
18240,18240,363,0,-1,16,15,31,2281.25
18250,18250,363,0,-1,16,15,31,2291.1742424242425
18260,18260,363,0,-1,16,15,31,2283.8045112781956
18270,18270,363,0,-1,16,15,31,2293.7293233082705
18280,18280,363,0,-1,16,15,31,2303.721804511278
18290,18290,384,2,-1,16,15,31,2313.721804511278
18300,18300,384,2,-1,16,15,31,2323.721804511278
18310,18310,384,2,-1,16,15,31,2316.3358208955224
18320,18320,384,2,-1,16,15,31,2309.17037037037
18330,18330,384,0,-1,16,15,31,2319.17037037037
18340,18340,384,0,-1,16,15,31,2329.17037037037
18350,18350,384,0,-1,16,15,31,2339.17037037037
18360,18360,384,0,-1,16,15,31,2349.17037037037
18370,18370,384,0,-1,16,15,31,2341.823529411765
18380,18380,384,1,-1,16,15,31,2351.794117647059
18390,18390,384,2,-1,16,15,31,2361.794117647059
18400,18400,384,2,-1,16,15,31,2371.794117647059
18410,18410,384,2,-1,16,15,31,2364.4087591240877
18420,18420,384,3,-1,16,15,31,2374.3357664233577
18430,18430,384,0,-1,16,15,31,2384.2627737226276
18440,18440,384,0,-1,16,15,31,2376.840579710145
18450,18450,384,0,-1,16,15,31,2386.695652173913
18460,18460,384,0,-1,16,15,31,2379.4676258992804
18470,18470,384,1,-1,16,15,31,2372.407142857143
18480,18480,384,2,-1,16,15,31,2382.407142857143
18490,18490,384,2,-1,16,15,31,2392.407142857143
18500,18500,405,2,-1,16,15,31,2402.407142857143
18510,18510,405,2,-1,16,15,31,2412.407142857143
18520,18520,405,0,-1,16,15,31,2422.407142857143
18530,18530,405,0,-1,16,15,31,2432.407142857143
18540,18540,405,0,-1,16,15,31,2425.0851063829787
18550,18550,405,0,-1,16,15,31,2435.021276595745
18560,18560,405,0,-1,16,15,31,2445.021276595745
18570,18570,405,2,-1,16,15,31,2455.021276595745
18580,18580,405,2,-1,16,15,31,2465.021276595745
18590,18590,405,2,-1,16,15,31,2475.021276595745
18600,18600,405,2,-1,16,15,31,2485.021276595745
18610,18610,405,3,-1,16,15,31,2495.021276595745
18620,18620,405,0,-1,16,15,31,2505.021276595745
18630,18630,405,0,-1,16,15,31,2515.021276595745
18640,18640,405,0,-1,16,15,31,2507.239436619718
18650,18650,405,0,-1,16,15,31,2517.169014084507
18660,18660,405,1,-1,16,16,32,2527.1338028169016
18670,18670,405,2,-1,16,16,32,2537.1338028169016
18680,18680,405,2,-1,16,16,32,2547.1338028169016
18690,18690,405,2,-1,17,16,33,2539.27972027972
18700,18700,405,3,-1,17,16,33,2549.27972027972
18710,18710,426,0,-1,17,16,33,2559.27972027972
18720,18720,426,0,-1,17,16,33,2569.27972027972
18730,18730,426,0,-1,18,16,34,2561.402777777778
18740,18740,426,0,-1,18,16,34,2571.402777777778
18750,18750,426,0,-1,18,16,34,2563.6206896551726
18760,18760,426,2,-1,18,16,34,2573.6206896551726
18770,18770,426,2,-1,18,16,34,2565.9520547945203
18780,18780,426,2,-1,18,16,34,2575.9520547945203
18790,18790,426,2,-1,18,16,34,2585.9520547945203
18800,18800,426,0,-1,18,16,34,2578.292517006803
18810,18810,426,0,-1,18,16,34,2588.2244897959185
18820,18820,426,0,-1,18,16,34,2580.6689189189187
18830,18830,426,0,-1,18,16,34,2573.2147651006712
18840,18840,426,0,-1,18,16,34,2583.181208053691
18850,18850,426,1,-1,18,16,34,2593.181208053691
18860,18860,426,2,-1,18,16,34,2603.181208053691
18870,18870,426,2,-1,18,16,34,2613.181208053691
18880,18880,426,2,-1,18,16,34,2623.181208053691
18890,18890,426,3,-1,18,16,34,2633.181208053691
18900,18900,426,0,-1,18,16,34,2625.56
18910,18910,426,0,-1,18,16,34,2635.56
18920,18920,447,0,-1,18,16,34,2645.56
18930,18930,447,0,-1,18,16,34,2655.56
18940,18940,447,1,-1,18,16,34,2665.56
18950,18950,447,2,-1,18,16,34,2657.841059602649
18960,18960,447,2,-1,18,16,34,2667.774834437086
18970,18970,447,2,-1,18,16,34,2677.774834437086
18980,18980,447,2,-1,18,16,34,2687.774834437086
18990,18990,447,0,-1,18,16,34,2697.774834437086
19000,19000,447,0,-1,18,16,34,2707.774834437086
19010,19010,447,0,-1,18,16,34,2699.8947368421054
19020,19020,447,0,-1,18,16,34,2709.8289473684213
19030,19030,447,0,-1,18,17,35,2719.815789473684
19040,19040,447,2,-1,18,17,35,2711.97385620915
19050,19050,447,2,-1,18,17,35,2721.908496732026
19060,19060,447,2,-1,18,17,35,2714.1688311688313
19070,19070,447,2,-1,18,17,35,2724.103896103896
19080,19080,447,3,-1,18,17,35,2734.0584415584417
19090,19090,447,0,-1,18,17,35,2744.0584415584417
19100,19100,447,0,-1,18,17,35,2754.0584415584417
19110,19110,447,0,-1,18,17,35,2764.0584415584417
19120,19120,447,0,-1,18,17,35,2774.0584415584417
19130,19130,468,1,-1,18,17,35,2784.0584415584417
19140,19140,468,2,-1,18,17,35,2794.0584415584417
19150,19150,468,2,-1,18,17,35,2804.0584415584417
19160,19160,468,2,-1,18,17,35,2814.0584415584417
19170,19170,468,3,-1,18,17,35,2824.0584415584417
19180,19180,468,0,-1,18,17,35,2834.0584415584417
19190,19190,468,0,-1,18,17,35,2825.7096774193546
19200,19200,468,0,-1,18,17,35,2835.6709677419353
19210,19210,468,0,-1,18,17,35,2845.6709677419353
19220,19220,468,0,-1,18,17,35,2855.6709677419353
19230,19230,468,2,-1,18,17,35,2865.6709677419353
19240,19240,468,2,-1,18,17,35,2875.6709677419353
19250,19250,468,2,-1,18,17,35,2885.6709677419353
19260,19260,468,2,-1,18,17,35,2895.6709677419353
19270,19270,468,0,-1,18,17,35,2905.6709677419353
19280,19280,468,0,-1,18,17,35,2915.6709677419353
19290,19290,468,0,-1,18,17,35,2925.6709677419353
19300,19300,468,0,-1,18,17,35,2935.6709677419353
19310,19310,468,0,-1,18,17,35,2945.6709677419353
19320,19320,468,1,-1,18,17,35,2955.6709677419353
19330,19330,468,2,-1,18,17,35,2965.6709677419353
19340,19340,489,2,-1,18,17,35,2975.6709677419353
19350,19350,489,2,-1,18,17,35,2966.5320512820513
19360,19360,489,3,-1,18,17,35,2976.480769230769
19370,19370,489,0,-1,18,17,35,2967.458598726115
19380,19380,489,0,-1,18,17,35,2977.394904458599
19390,19390,489,0,-1,18,17,35,2968.4240506329115
19400,19400,489,0,-1,18,17,35,2978.3101265822784
19410,19410,489,1,-1,18,17,35,2969.4528301886794
19420,19420,489,2,-1,18,18,36,2979.4402515723273
19430,19430,489,2,-1,18,18,36,2989.4402515723273
19440,19440,489,2,-1,18,18,36,2999.4402515723273
19450,19450,489,2,-1,18,18,36,2990.63125
19460,19460,489,0,-1,18,18,36,3000.56875
19470,19470,489,0,-1,18,19,37,3010.55
19480,19480,489,0,-1,18,18,36,3020.44375
19490,19490,489,0,-1,18,18,36,3030.43125
19500,19500,489,0,-1,18,18,36,3040.43125
19510,19510,489,2,-1,18,18,36,3031.4844720496894
19520,19520,489,2,-1,18,18,36,3041.4285714285716
19530,19530,489,2,-1,18,18,36,3051.4285714285716
19540,19540,489,2,-1,18,18,36,3061.4285714285716
19550,19550,510,3,-1,18,18,36,3052.4691358024693
19560,19560,510,0,-1,18,18,36,3062.432098765432
19570,19570,510,0,-1,18,18,36,3072.432098765432
19580,19580,510,0,-1,18,18,36,3063.521472392638
19590,19590,510,0,-1,18,18,36,3073.4969325153374
19600,19600,510,1,-1,18,18,36,3083.4969325153374
19610,19610,510,2,-1,18,18,36,3093.4969325153374
19620,19620,510,2,-1,18,18,36,3103.4969325153374
19630,19630,510,2,-1,18,18,36,3094.512195121951
19640,19640,510,3,-1,18,18,36,3104.451219512195
19650,19650,510,0,-1,18,18,36,3114.390243902439
19660,19660,510,0,-1,18,18,36,3124.329268292683
19670,19670,510,0,-1,18,18,36,3134.268292682927
19680,19680,510,0,-1,18,18,36,3144.2256097560976
19690,19690,510,0,-1,18,18,36,3154.2256097560976
19700,19700,510,2,-1,18,18,36,3145.048484848485
19710,19710,510,2,-1,18,18,36,3155.0060606060606
19720,19720,510,2,-1,18,18,36,3165.0060606060606
19730,19730,510,2,-1,18,18,36,3175.0060606060606
19740,19740,510,0,-1,18,18,36,3185.0060606060606
19750,19750,510,0,-1,18,18,36,3175.759036144578
19760,19760,531,0,-1,18,18,36,3166.6646706586826
19770,19770,531,0,-1,18,18,36,3176.6526946107783
19780,19780,531,0,-1,18,18,36,3186.6526946107783
19790,19790,531,1,-1,18,18,36,3196.6526946107783
19800,19800,531,2,-1,18,18,36,3206.6526946107783
19810,19810,531,2,-1,18,18,36,3216.6526946107783
19820,19820,531,2,-1,18,18,36,3207.4523809523807
19830,19830,531,3,-1,18,18,36,3217.4523809523807
19840,19840,531,0,-1,18,18,36,3208.372781065089
19850,19850,531,0,-1,18,18,36,3218.372781065089
19860,19860,531,0,-1,18,18,36,3228.372781065089
19870,19870,531,0,-1,18,18,36,3238.372781065089
19880,19880,531,1,-1,18,18,36,3248.372781065089
19890,19890,531,2,-1,18,18,36,3258.372781065089
19900,19900,531,2,-1,18,18,36,3249.170588235294
19910,19910,531,2,-1,18,18,36,3259.170588235294
19920,19920,531,2,-1,18,18,36,3269.170588235294
19930,19930,531,0,-1,18,18,36,3259.9941520467837
19940,19940,531,0,-1,18,18,36,3269.9473684210525
19950,19950,531,0,-1,18,18,36,3279.9473684210525
19960,19960,531,0,-1,18,18,36,3289.9473684210525
19970,19970,552,0,-1,18,18,36,3299.9473684210525
19980,19980,552,2,-1,18,18,36,3309.9473684210525
19990,19990,552,2,-1,18,18,36,3319.9473684210525
20000,20000,552,2,-1,18,18,36,3329.9473684210525
20010,20010,552,2,-1,18,18,36,3339.9473684210525
20020,20020,552,3,-1,18,18,36,3349.9473684210525
20030,20030,552,0,-1,18,18,36,3359.9473684210525
20040,20040,552,0,-1,18,18,36,3369.9473684210525
20050,20050,552,0,-1,18,18,36,3379.9473684210525
20060,20060,552,0,-1,18,18,36,3389.9473684210525
20070,20070,552,1,-1,18,18,36,3399.9473684210525
20080,20080,552,2,-1,18,18,36,3409.9473684210525
20090,20090,552,2,-1,18,18,36,3419.9473684210525
20100,20100,552,2,-1,18,18,36,3429.9473684210525
20110,20110,552,3,-1,18,18,36,3439.9473684210525
20120,20120,552,0,-1,18,18,36,3449.9473684210525
20130,20130,552,0,-1,18,18,36,3439.8313953488373
20140,20140,552,0,-1,18,18,36,3449.8255813953488
20150,20150,552,0,-1,18,18,36,3459.8255813953488
20160,20160,552,0,-1,18,18,36,3469.8255813953488
20170,20170,552,2,-1,18,18,36,3479.8255813953488
20180,20180,573,2,-1,18,18,36,3469.6820809248557
20190,20190,573,2,-1,18,18,36,3459.683908045977
20200,20200,573,2,-1,18,18,36,3469.6264367816093
20210,20210,573,0,-1,18,18,36,3479.5689655172414
20220,20220,573,0,-1,18,18,36,3489.5114942528735
20230,20230,573,0,-1,18,18,36,3479.462857142857
20240,20240,573,0,-1,18,18,36,3469.619318181818
20250,20250,573,0,-1,18,18,36,3479.5625
20260,20260,573,1,-1,18,18,36,3489.505681818182
20270,20270,573,2,-1,18,18,36,3499.4488636363635
20280,20280,573,2,-1,18,18,36,3509.3920454545455
20290,20290,573,2,-1,18,18,36,3519.3920454545455
20300,20300,573,3,-1,18,18,36,3529.3920454545455
20310,20310,573,0,-1,18,18,36,3539.3920454545455
20320,20320,573,0,-1,18,18,36,3549.3920454545455
20330,20330,573,0,-1,18,18,36,3559.3920454545455
20340,20340,573,0,-1,18,18,36,3569.3920454545455
20350,20350,573,1,-1,18,18,36,3579.3920454545455
20360,20360,573,2,-1,18,18,36,3569.1638418079096
20370,20370,573,2,-1,18,18,36,3579.1638418079096
20380,20380,573,2,-1,18,18,36,3569.0
20390,20390,594,2,-1,18,18,36,3578.9438202247193
20400,20400,594,0,-1,18,19,37,3588.9044943820227
20410,20410,594,0,-1,18,19,37,3598.9044943820227
20420,20420,594,0,-1,18,19,37,3608.9044943820227
20430,20430,594,0,-1,18,19,37,3618.9044943820227
20440,20440,594,0,-1,18,19,37,3608.631284916201
20450,20450,594,2,-1,18,19,37,3598.538888888889
20460,20460,594,2,-1,18,19,37,3608.538888888889
20470,20470,594,2,-1,18,19,37,3618.538888888889
20480,20480,594,2,-1,18,19,37,3628.538888888889
20490,20490,594,3,-1,18,19,37,3638.538888888889
20500,20500,594,0,-1,18,19,37,3648.538888888889
20510,20510,594,0,-1,18,19,37,3658.538888888889
20520,20520,594,0,-1,18,19,37,3668.538888888889
20530,20530,594,0,-1,18,19,37,3678.538888888889
20540,20540,594,1,-1,18,19,37,3688.538888888889
20550,20550,594,2,-1,18,19,37,3678.1160220994475
20560,20560,594,2,-1,18,19,37,3688.1160220994475
20570,20570,594,2,-1,18,19,37,3698.1160220994475
20580,20580,594,3,-1,18,19,37,3687.7417582417584
20590,20590,594,0,-1,18,19,37,3697.686813186813
20600,20600,615,0,-1,18,19,37,3707.631868131868
20610,20610,615,0,-1,18,19,37,3697.27868852459
20620,20620,614,0,-1,18,19,37,3707.224043715847
20630,20630,614,0,-1,18,19,37,3717.2021857923496
20640,20640,614,2,-1,18,19,37,3727.2021857923496
20650,20650,614,2,-1,18,19,37,3737.2021857923496
20660,20660,614,2,-1,18,19,37,3747.2021857923496
20670,20670,614,2,-1,18,19,37,3757.2021857923496
20680,20680,614,0,-1,18,19,37,3767.2021857923496
20690,20690,614,0,-1,18,19,37,3777.2021857923496
20700,20700,614,0,-1,18,19,37,3787.2021857923496
20710,20710,614,0,-1,18,19,37,3776.5652173913045
20720,20720,614,0,-1,18,19,37,3786.5489130434785
20730,20730,614,1,-1,18,19,37,3796.5489130434785
20740,20740,614,2,-1,18,19,37,3806.5489130434785
20750,20750,614,2,-1,18,19,37,3816.5489130434785
20760,20760,614,2,-1,18,19,37,3826.5489130434785
20770,20770,614,3,-1,18,19,37,3836.5489130434785
20780,20780,614,0,-1,18,19,37,3846.5489130434785
20790,20790,614,0,-1,18,19,37,3835.7243243243242
20800,20800,614,0,-1,18,19,37,3825.048387096774
20810,20810,635,0,-1,18,19,37,3835.005376344086
20820,20820,635,1,-1,18,19,37,3845.005376344086
20830,20830,635,2,-1,18,19,37,3855.005376344086
20840,20840,635,2,-1,18,19,37,3865.005376344086
20850,20850,635,2,-1,18,19,37,3875.005376344086
20860,20860,634,2,-1,18,19,37,3885.005376344086
20870,20870,634,0,-1,18,19,37,3895.005376344086
