10,10,2,0,0,0,0,0.0,0.0
20,20,21,0,0,0,0,0.0,0.0
30,30,21,2,0,0,0,0.0,0.0
40,40,21,2,1,0,0,0.0,0.0
50,50,21,2,2,0,0,0.0,0.0
60,60,20,0,0,0,0,0.0,0.0
70,70,20,0,0,0,0,0.0,0.0
80,80,20,0,0,0,0,0.0,0.0
90,90,18,2,0,0,0,0.0,0.0
100,100,16,2,0,0,1,0.0,2.0
110,110,14,0,0,0,0,0.0,0.0
120,120,13,0,0,0,0,0.0,0.0
130,130,11,0,0,0,0,0.0,0.0
140,140,11,2,1,0,0,0.0,0.0
150,150,9,2,2,0,0,0.0,0.0
160,160,9,2,2,0,0,0.0,0.0
170,170,8,2,2,0,0,0.0,0.0
180,180,7,0,0,0,0,0.0,0.0
190,190,7,0,0,0,0,0.0,0.0
200,200,6,0,0,0,0,0.0,0.0
210,210,6,2,0,0,0,0.0,0.0
220,220,4,2,0,0,0,0.0,0.0
230,230,25,2,0,0,1,0.0,2.0
240,240,24,0,2,0,0,0.0,0.0
250,250,20,0,2,0,0,0.0,0.0
260,260,20,0,2,0,0,0.0,0.0
270,270,19,0,0,0,0,0.0,0.0
280,280,19,0,0,0,0,0.0,0.0
290,290,19,0,0,0,0,0.0,0.0
300,300,17,2,0,0,0,0.0,0.0
310,310,17,2,2,1,0,5.0,0.0
320,320,16,0,0,0,0,0.0,0.0
330,330,13,0,0,0,0,0.0,0.0
340,340,12,2,0,0,0,0.0,0.0
350,350,11,2,0,0,0,0.0,0.0
360,360,10,2,2,0,0,0.0,0.0
370,370,8,0,2,1,0,4.0,0.0
380,380,8,0,2,1,0,14.0,0.0
390,390,8,2,2,0,0,0.0,0.0
400,400,8,2,0,0,0,0.0,0.0
410,410,8,0,0,0,0,0.0,0.0
420,420,6,0,0,1,0,4.0,0.0
430,430,5,2,0,1,0,4.5,0.0
440,440,24,2,2,2,0,0.0,0.0
450,450,23,0,2,1,0,9.0,0.0
460,460,23,0,2,0,0,0.0,0.0
470,470,20,2,2,1,0,7.0,0.0
480,480,20,2,0,1,0,4.0,0.0
490,490,20,0,0,1,0,14.0,0.0
500,500,18,0,0,0,0,0.0,0.0
510,510,17,2,0,2,0,9.0,0.0
520,520,16,2,1,0,0,0.0,0.0
530,530,16,0,2,1,0,1.5,0.0
540,540,15,0,0,1,0,0.5,0.0
550,550,13,2,0,1,0,4.0,0.0
560,560,13,2,0,1,0,9.0,0.0
570,570,11,0,0,1,0,19.0,0.0
580,580,10,0,1,2,0,6.0,0.0
590,590,9,2,2,2,0,7.6,0.0
600,600,8,2,0,3,0,3.6666666666666665,0.0
610,610,7,0,0,3,0,13.666666666666666,0.0
620,620,6,0,0,0,0,0.0,0.0
630,630,6,2,0,0,0,0.0,0.0
640,640,4,2,2,0,0,0.0,0.0
650,650,24,2,2,0,0,0.0,0.0
660,660,23,0,0,0,0,0.0,0.0
670,670,22,0,0,0,0,0.0,0.0
680,680,19,0,0,0,0,0.0,0.0
690,690,18,0,0,0,0,0.0,0.0
700,700,17,0,1,0,0,0.0,0.0
710,710,16,0,2,1,0,5.0,0.0
720,720,15,2,2,0,0,0.0,0.0
730,730,15,2,2,1,0,0.0,0.0
740,740,15,0,0,0,0,0.0,0.0
750,750,14,0,0,0,0,0.0,0.0
760,760,14,2,0,0,0,0.0,0.0
770,770,14,2,0,5,0,4.2,0.0
780,780,13,0,1,5,0,0.0,0.0
790,790,11,0,0,0,0,0.0,0.0
800,800,8,2,0,0,0,0.0,0.0
810,810,7,2,0,0,0,0.0,0.0
820,820,7,2,0,0,0,0.0,0.0
830,830,7,2,0,0,0,0.0,0.0
840,840,6,0,0,0,0,0.0,0.0
850,850,5,0,0,0,0,0.0,0.0
860,860,24,0,0,0,0,0.0,0.0
870,870,23,2,1,0,0,0.0,0.0
880,880,21,2,0,0,0,0.0,0.0
890,890,21,2,0,0,0,0.0,0.0
900,900,20,0,0,0,0,0.0,0.0
910,910,19,0,0,0,0,0.0,0.0
920,920,18,2,1,0,0,0.0,0.0
930,930,17,2,0,1,0,1.0,0.0
940,940,16,0,0,1,0,11.0,0.0
950,950,15,0,0,0,0,0.0,0.0
960,960,14,0,0,0,0,0.0,0.0
970,970,14,2,2,0,0,0.0,0.0
980,980,12,2,0,0,0,0.0,0.0
990,990,12,0,0,0,0,0.0,0.0
1000,1000,11,0,0,0,0,0.0,0.0
1010,1010,10,2,0,1,0,1.0,0.0
1020,1020,10,2,0,0,0,0.0,0.0
1030,1030,8,2,0,0,0,0.0,0.0
1040,1040,8,2,0,0,0,0.0,0.0
1050,1050,6,0,0,0,0,0.0,0.0
1060,1060,5,0,1,0,0,0.0,0.0
1070,1070,25,0,0,0,0,0.0,0.0
1080,1080,23,0,0,0,0,0.0,0.0
1090,1090,23,0,0,0,0,0.0,0.0
1100,1100,22,0,0,0,0,0.0,0.0
1110,1110,21,0,2,0,0,0.0,0.0
1120,1120,19,0,2,0,0,0.0,0.0
1130,1130,17,2,0,0,0,0.0,0.0
1140,1140,16,2,0,0,0,0.0,0.0
1150,1150,15,2,0,0,0,0.0,0.0
1160,1160,15,2,0,0,0,0.0,0.0
1170,1170,12,0,0,0,0,0.0,0.0
1180,1180,12,0,0,0,0,0.0,0.0
1190,1190,12,2,0,0,0,0.0,0.0
1200,1200,12,2,0,0,0,0.0,0.0
1210,1210,10,2,1,0,0,0.0,0.0
1220,1220,10,2,0,0,0,0.0,0.0
1230,1230,10,0,0,0,0,0.0,0.0
1240,1240,8,2,0,0,0,0.0,0.0
1250,1250,8,2,0,0,0,0.0,0.0
1260,1260,7,0,2,0,0,0.0,0.0
1270,1270,4,0,0,0,0,0.0,0.0
1280,1280,24,0,0,0,0,0.0,0.0
1290,1290,22,0,0,0,0,0.0,0.0
1300,1300,22,2,0,0,0,0.0,0.0
1310,1310,21,2,0,0,0,0.0,0.0
1320,1320,19,0,0,0,0,0.0,0.0
1330,1330,18,0,0,0,0,0.0,0.0
1340,1340,17,2,0,0,0,0.0,0.0
1350,1350,17,2,1,0,0,0.0,0.0
1360,1360,16,2,0,0,0,0.0,0.0
1370,1370,16,2,0,0,0,0.0,0.0
1380,1380,15,3,0,0,0,0.0,0.0
1390,1390,12,2,0,0,0,0.0,0.0
1400,1400,12,2,1,1,0,1.0,0.0
1410,1410,12,0,0,0,0,0.0,0.0
1420,1420,9,0,0,0,0,0.0,0.0
1430,1430,8,2,0,0,0,0.0,0.0
1440,1440,7,2,0,0,0,0.0,0.0
1450,1450,7,0,1,0,0,0.0,0.0
1460,1460,7,0,0,0,0,0.0,0.0
1470,1470,7,0,0,0,0,0.0,0.0
1480,1480,6,0,0,0,0,0.0,0.0
1490,1490,25,2,2,0,0,0.0,0.0
1500,1500,24,2,2,1,0,5.0,0.0
1510,1510,23,0,0,0,0,0.0,0.0
1520,1520,22,0,0,0,0,0.0,0.0
1530,1530,22,2,0,1,0,0.5,0.0
1540,1540,22,2,0,1,0,6.0,0.0
1550,1550,21,0,1,1,0,0.0,0.0
1560,1560,19,0,2,1,0,0.3333333333333333,0.0
1570,1570,19,2,2,0,0,0.0,0.0
1580,1580,18,2,0,1,0,4.0,0.0
1590,1590,17,0,0,1,0,0.25,0.0
1600,1600,15,0,0,0,0,0.0,0.0
1610,1610,13,2,0,0,0,0.0,0.0
1620,1620,12,2,0,0,0,0.0,0.0
1630,1630,12,2,0,0,0,0.0,0.0
1640,1640,11,2,0,0,0,0.0,0.0
1650,1650,11,3,0,0,0,0.0,0.0
1660,1660,10,0,2,0,0,0.0,0.0
1670,1670,9,0,2,0,0,0.0,0.0
1680,1680,8,0,0,0,0,0.0,0.0
1690,1690,8,2,0,1,1,4.0,9.0
1700,1700,26,2,2,2,0,11.5,0.0
1710,1710,25,0,2,1,0,0.3333333333333333,0.0
1720,1720,23,0,2,0,0,0.0,0.0
1730,1730,22,0,0,0,0,0.0,0.0
1740,1740,21,0,0,0,0,0.0,0.0
1750,1750,20,2,0,0,0,0.0,0.0
1760,1760,19,0,0,0,0,0.0,0.0
1770,1770,18,0,0,0,0,0.0,0.0
1780,1780,16,2,0,0,0,0.0,0.0
1790,1790,15,2,0,0,0,0.0,0.0
1800,1800,15,0,0,0,0,0.0,0.0
1810,1810,14,0,1,1,0,3.0,0.0
1820,1820,12,2,2,0,0,0.0,0.0
1830,1830,12,2,0,1,0,2.0,0.0
1840,1840,12,0,0,0,1,0.0,0.0
1850,1850,9,0,0,0,0,0.0,0.0
1860,1860,7,2,0,1,0,2.0,0.0
1870,1870,7,2,1,5,0,4.0,0.0
1880,1880,6,0,0,0,0,0.0,0.0
1890,1890,5,0,0,0,0,0.0,0.0
1900,1900,4,2,0,0,0,0.0,0.0
1910,1910,24,2,2,0,0,0.0,0.0
1920,1920,23,2,2,0,0,0.0,0.0
1930,1930,23,2,0,0,0,0.0,0.0
1940,1940,23,3,0,0,0,0.0,0.0
1950,1950,21,0,0,0,0,0.0,0.0
1960,1960,21,2,0,0,0,0.0,0.0
1970,1970,18,2,0,0,1,0.0,1.0
1980,1980,17,0,0,1,0,3.0,0.0
1990,1990,16,0,2,0,1,0.0,7.0
2000,2000,14,0,2,0,0,0.0,0.0
2010,2010,14,2,0,0,1,0.0,1.0
2020,2020,13,2,0,0,0,0.0,0.0
2030,2030,12,0,0,0,0,0.0,0.0
2040,2040,10,0,0,0,0,0.0,0.0
2050,2050,10,0,1,0,0,0.0,0.0
2060,2060,10,0,0,0,0,0.0,0.0
2070,2070,9,1,0,0,0,0.0,0.0
2080,2080,9,2,2,0,0,0.0,0.0
2090,2090,7,0,2,0,0,0.0,0.0
2100,2100,4,0,0,0,0,0.0,0.0
2110,2110,4,2,0,0,0,0.0,0.0
2120,2120,23,2,0,0,0,0.0,0.0
2130,2130,22,0,0,0,0,0.0,0.0
2140,2140,21,0,1,0,0,0.0,0.0
2150,2150,21,0,2,0,0,0.0,0.0
2160,2160,21,2,0,1,0,0.0,0.0
2170,2170,20,2,0,0,0,0.0,0.0
2180,2180,19,2,0,0,0,0.0,0.0
2190,2190,18,0,0,0,0,0.0,0.0
2200,2200,14,0,1,0,0,0.0,0.0
2210,2210,13,0,2,0,0,0.0,0.0
2220,2220,13,0,2,0,0,0.0,0.0
2230,2230,13,1,2,1,0,0.0,0.0
2240,2240,12,0,2,0,0,0.0,0.0
2250,2250,9,0,2,0,0,0.0,0.0
2260,2260,9,0,2,0,0,0.0,0.0
2270,2270,9,2,0,0,0,0.0,0.0
2280,2280,7,2,0,0,0,0.0,0.0
2290,2290,5,2,0,0,0,0.0,0.0
2300,2300,5,0,0,0,0,0.0,0.0
2310,2310,5,0,1,0,0,0.0,0.0
2320,2320,5,0,0,0,0,0.0,0.0
2330,2330,24,0,0,0,0,0.0,0.0
2340,2340,23,2,0,0,0,0.0,0.0
2350,2350,23,0,0,0,0,0.0,0.0
2360,2360,21,0,1,0,0,0.0,0.0
2370,2370,21,2,2,1,0,2.25,0.0
2380,2380,21,2,0,4,0,5.0,0.0
2390,2390,20,0,0,4,0,15.0,0.0
2400,2400,18,0,0,0,0,0.0,0.0
2410,2410,15,0,0,0,0,0.0,0.0
2420,2420,15,0,1,0,0,0.0,0.0
2430,2430,15,2,0,2,0,3.5,0.0
2440,2440,15,2,0,1,1,13.0,0.0
2450,2450,12,0,2,0,0,0.0,0.0
2460,2460,11,0,2,1,0,6.0,0.0
2470,2470,9,2,0,0,0,0.0,0.0
2480,2480,9,2,0,0,0,0.0,0.0
2490,2490,9,0,0,0,0,0.0,0.0
2500,2500,7,0,0,1,0,0.0,0.0
2510,2510,7,2,2,1,0,2.0,0.0
2520,2520,7,2,2,1,0,12.0,0.0
2530,2530,7,0,0,0,0,0.0,0.0
2540,2540,26,0,0,1,0,0.0,0.0
2550,2550,26,2,0,0,0,0.0,0.0
2560,2560,26,2,2,4,0,3.4,0.0
2570,2570,26,0,2,2,1,0.4444444444444444,4.0
2580,2580,25,0,0,1,1,1.5,0.0
2590,2590,23,2,0,1,0,0.25,0.0
2600,2600,22,2,0,1,0,2.75,0.0
2610,2610,20,0,0,0,0,0.0,0.0
2620,2620,18,0,2,0,0,0.0,0.0
2630,2630,16,2,0,0,0,0.0,0.0
2640,2640,14,2,0,0,0,0.0,0.0
2650,2650,14,0,0,0,0,0.0,0.0
2660,2660,14,0,2,0,1,0.0,3.0
2670,2670,12,0,2,0,1,0.0,13.0
2680,2680,10,2,0,0,0,0.0,0.0
2690,2690,10,2,0,0,0,0.0,0.0
2700,2700,9,0,0,0,0,0.0,0.0
2710,2710,7,0,0,0,0,0.0,0.0
2720,2720,7,2,2,0,0,0.0,0.0
2730,2730,5,2,2,0,0,0.0,0.0
2740,2740,5,2,0,0,0,0.0,0.0
2750,2750,26,2,0,0,0,0.0,0.0
2760,2760,25,3,2,0,1,0.0,3.0
2770,2770,24,0,2,0,0,0.0,0.0
2780,2780,23,0,2,0,0,0.0,0.0
2790,2790,21,2,2,1,0,2.0,0.0
2800,2800,21,2,0,0,0,0.0,0.0
2810,2810,20,2,0,0,0,0.0,0.0
2820,2820,17,0,0,0,0,0.0,0.0
2830,2830,16,0,0,2,0,9.0,0.0
2840,2840,16,2,0,0,0,0.0,0.0
2850,2850,15,2,0,0,0,0.0,0.0
2860,2860,13,2,0,0,0,0.0,0.0
2870,2870,13,0,0,1,0,0.0,0.0
2880,2880,13,0,1,1,0,5.0,0.0
2890,2890,10,2,2,0,0,0.0,0.0
2900,2900,9,2,2,1,0,0.2,0.0
2910,2910,9,0,2,0,0,0.0,0.0
2920,2920,8,0,2,0,0,0.0,0.0
2930,2930,6,2,2,0,0,0.0,0.0
2940,2940,4,2,2,0,0,0.0,0.0
2950,2950,3,0,2,0,0,0.0,0.0
2960,2960,24,0,2,1,0,6.0,0.0
2970,2970,22,2,3,0,0,0.0,0.0
2980,2980,22,2,0,0,0,0.0,0.0
2990,2990,22,2,0,0,0,0.0,0.0
3000,3000,21,2,0,0,0,0.0,0.0
3010,3010,20,0,0,1,0,0.5,0.0
3020,3020,19,0,1,1,0,1.0,0.0
3030,3030,18,2,0,0,0,0.0,0.0
3040,3040,17,2,0,0,0,0.0,0.0
3050,3050,17,2,0,0,0,0.0,0.0
3060,3060,17,0,0,1,0,7.0,0.0
3070,3070,16,0,2,1,0,7.0,0.0
3080,3080,15,2,0,0,0,0.0,0.0
3090,3090,15,2,0,1,0,10.0,0.0
3100,3100,14,0,2,0,0,0.0,0.0
3110,3110,12,0,2,0,1,0.0,7.0
3120,3120,10,2,0,0,0,0.0,0.0
3130,3130,8,2,0,1,0,4.0,0.0
3140,3140,7,0,0,0,0,0.0,0.0
3150,3150,5,0,0,0,0,0.0,0.0
3160,3160,3,0,0,0,1,0.0,0.0
3170,3170,23,2,0,0,0,0.0,0.0
3180,3180,22,2,0,0,0,0.0,0.0
3190,3190,20,2,0,0,0,0.0,0.0
3200,3200,20,2,1,0,0,0.0,0.0
3210,3210,20,0,0,0,0,0.0,0.0
3220,3220,20,2,0,1,0,3.0,0.0
3230,3230,19,2,0,1,0,6.5,0.0
3240,3240,18,0,0,2,0,1.5,0.0
3250,3250,17,0,1,1,0,6.0,0.0
3260,3260,16,2,0,1,0,0.0,0.0
3270,3270,14,2,0,2,0,6.0,0.0
3280,3280,10,0,0,0,0,0.0,0.0
3290,3290,10,0,0,0,0,0.0,0.0
3300,3300,10,0,1,0,0,0.0,0.0
3310,3310,10,2,2,0,0,0.0,0.0
3320,3320,9,2,0,1,0,0.0,0.0
3330,3330,9,0,0,1,0,0.5,0.0
3340,3340,8,0,0,1,0,5.0,0.0
3350,3350,6,2,0,1,0,0.0,0.0
3360,3360,5,2,1,2,0,6.0,0.0
3370,3370,5,2,2,2,0,6.4,0.0
3380,3380,26,2,2,3,0,20.0,0.0
3390,3390,26,2,0,1,0,0.0,0.0
3400,3400,24,2,0,0,0,0.0,0.0
3410,3410,24,2,0,3,0,3.1666666666666665,0.0
3420,3420,23,0,0,2,0,1.2857142857142858,0.0
3430,3430,22,0,0,1,2,8.5,1.0
3440,3440,21,2,0,0,0,0.0,0.0
3450,3450,20,2,0,0,0,0.0,0.0
3460,3460,19,2,0,0,0,0.0,0.0
3470,3470,17,2,1,0,0,0.0,0.0
3480,3480,16,2,2,1,0,0.0,0.0
3490,3490,16,2,2,6,0,1.5,0.0
3500,3500,16,0,0,1,0,0.0,0.0
3510,3510,13,0,0,1,0,2.5,0.0
3520,3520,10,2,0,0,0,0.0,0.0
3530,3530,9,2,0,0,0,0.0,0.0
3540,3540,8,0,1,0,0,0.0,0.0
3550,3550,6,0,0,0,0,0.0,0.0
3560,3560,6,0,0,0,0,0.0,0.0
3570,3570,6,0,0,0,0,0.0,0.0
3580,3580,6,1,0,0,0,0.0,0.0
3590,3590,26,0,1,0,0,0.0,0.0
3600,3600,24,0,2,0,0,0.0,0.0
3610,3610,23,2,0,1,0,0.25,0.0
3620,3620,22,2,0,1,0,5.5,0.0
3630,3630,22,0,0,1,0,0.7142857142857143,0.0
3640,3640,20,0,0,0,0,0.0,0.0
3650,3650,19,2,1,0,0,0.0,0.0
3660,3660,18,2,0,0,0,0.0,0.0
3670,3670,18,2,0,0,0,0.0,0.0
3680,3680,18,0,0,0,0,0.0,0.0
3690,3690,14,0,0,0,0,0.0,0.0
3700,3700,13,2,1,0,0,0.0,0.0
3710,3710,12,2,0,0,0,0.0,0.0
3720,3720,12,0,0,0,0,0.0,0.0
3730,3730,10,0,0,0,0,0.0,0.0
3740,3740,9,2,2,0,0,0.0,0.0
3750,3750,8,2,2,0,0,0.0,0.0
3760,3760,8,0,2,1,0,0.3333333333333333,0.0
3770,3770,7,0,2,0,0,0.0,0.0
3780,3780,5,2,3,0,0,0.0,0.0
3790,3790,4,2,0,1,0,3.0,0.0
3800,3800,25,0,0,0,0,0.0,0.0
3810,3810,25,0,0,0,0,0.0,0.0
3820,3820,23,0,0,0,0,0.0,0.0
3830,3830,22,2,1,0,1,0.0,1.0
3840,3840,20,2,0,5,0,1.2,0.0
3850,3850,19,0,0,0,0,0.0,0.0
3860,3860,18,0,0,0,0,0.0,0.0
3870,3870,18,0,0,0,0,0.0,0.0
3880,3880,17,2,0,0,0,0.0,0.0
3890,3890,15,2,0,0,0,0.0,0.0
3900,3900,14,0,0,0,0,0.0,0.0
3910,3910,13,0,0,0,0,0.0,0.0
3920,3920,11,0,1,0,0,0.0,0.0
3930,3930,11,0,0,0,0,0.0,0.0
3940,3940,9,2,0,0,0,0.0,0.0
3950,3950,8,0,0,0,0,0.0,0.0
3960,3960,8,0,0,0,0,0.0,0.0
3970,3970,6,2,2,0,0,0.0,0.0
3980,3980,6,2,2,0,0,0.0,0.0
3990,3990,6,2,0,0,0,0.0,0.0
4000,4000,6,0,0,0,0,0.0,0.0
4010,4010,25,0,0,0,0,0.0,0.0
4020,4020,23,2,0,0,0,0.0,0.0
4030,4030,21,2,2,0,0,0.0,0.0
4040,4040,19,0,2,0,0,0.0,0.0
4050,4050,19,0,0,0,0,0.0,0.0
4060,4060,19,2,0,0,0,0.0,0.0
4070,4070,18,2,0,5,0,0.4,0.0
4080,4080,18,0,0,0,0,0.0,0.0
4090,4090,17,0,2,0,0,0.0,0.0
4100,4100,15,0,0,0,0,0.0,0.0
4110,4110,15,2,0,0,0,0.0,0.0
4120,4120,14,2,0,0,0,0.0,0.0
4130,4130,13,0,0,0,0,0.0,0.0
4140,4140,13,0,1,2,0,3.75,0.0
4150,4150,11,2,2,0,0,0.0,0.0
4160,4160,10,2,2,1,0,3.0,0.0
4170,4170,9,0,0,0,0,0.0,0.0
4180,4180,9,0,0,0,0,0.0,0.0
4190,4190,7,0,0,0,0,0.0,0.0
4200,4200,6,0,0,0,0,0.0,0.0
4210,4210,4,2,2,0,0,0.0,0.0
4220,4220,25,2,2,0,0,0.0,0.0
4230,4230,24,0,0,0,0,0.0,0.0
4240,4240,21,0,0,0,0,0.0,0.0
4250,4250,20,0,0,0,0,0.0,0.0
4260,4260,18,2,0,0,0,0.0,0.0
4270,4270,18,2,0,0,0,0.0,0.0
4280,4280,17,2,0,0,0,0.0,0.0
4290,4290,17,0,0,0,0,0.0,0.0
4300,4300,16,0,0,0,0,0.0,0.0
4310,4310,15,0,1,0,0,0.0,0.0
4320,4320,14,0,0,0,0,0.0,0.0
4330,4330,13,2,0,1,0,0.0,0.0
4340,4340,13,2,0,1,0,2.5,0.0
4350,4350,13,0,0,0,0,0.0,0.0
4360,4360,11,0,1,0,0,0.0,0.0
4370,4370,10,0,0,0,1,0.0,0.0
4380,4380,9,0,0,0,0,0.0,0.0
4390,4390,8,0,0,0,0,0.0,0.0
4400,4400,6,0,0,0,0,0.0,0.0
4410,4410,5,2,1,0,0,0.0,0.0
4420,4420,4,2,2,0,0,0.0,0.0
4430,4430,24,2,0,0,0,0.0,0.0
4440,4440,23,2,0,0,0,0.0,0.0
4450,4450,21,3,0,0,0,0.0,0.0
4460,4460,21,2,0,1,0,0.0,0.0
4470,4470,19,2,2,5,0,4.2,0.0
4480,4480,18,0,2,0,0,0.0,0.0
4490,4490,16,0,0,0,0,0.0,0.0
4500,4500,16,0,0,0,0,0.0,0.0
4510,4510,15,0,0,0,0,0.0,0.0
4520,4520,14,1,0,0,0,0.0,0.0
4530,4530,14,0,0,0,0,0.0,0.0
4540,4540,11,0,0,0,0,0.0,0.0
4550,4550,11,0,0,0,0,0.0,0.0
4560,4560,11,2,0,0,0,0.0,0.0
4570,4570,11,2,1,4,0,2.5,0.0
4580,4580,10,0,2,0,0,0.0,0.0
4590,4590,8,0,2,0,0,0.0,0.0
4600,4600,7,2,2,0,0,0.0,0.0
4610,4610,5,2,0,0,0,0.0,0.0
4620,4620,4,2,0,0,0,0.0,0.0
4630,4630,3,0,0,0,0,0.0,0.0
4640,4640,24,0,0,0,0,0.0,0.0
4650,4650,24,2,1,0,1,0.0,0.0
4660,4660,22,2,0,1,0,1.25,0.0
4670,4670,20,0,0,0,0,0.0,0.0
4680,4680,19,0,0,0,0,0.0,0.0
4690,4690,18,2,0,0,0,0.0,0.0
4700,4700,16,2,2,0,0,0.0,0.0
4710,4710,15,0,2,1,0,3.0,0.0
4720,4720,15,0,2,3,0,5.0,0.0
4730,4730,15,2,0,1,0,0.0,0.0
4740,4740,15,2,0,1,0,1.0,0.0
4750,4750,15,0,0,0,0,0.0,0.0
4760,4760,14,0,0,0,0,0.0,0.0
4770,4770,13,0,1,0,0,0.0,0.0
4780,4780,12,2,0,0,0,0.0,0.0
4790,4790,11,2,0,0,0,0.0,0.0
4800,4800,11,0,0,0,0,0.0,0.0
4810,4810,7,0,0,0,0,0.0,0.0
4820,4820,6,0,1,0,1,0.0,0.0
4830,4830,4,0,0,0,0,0.0,0.0
4840,4840,3,2,0,0,0,0.0,0.0
4850,4850,24,2,0,0,0,0.0,0.0
4860,4860,23,0,0,0,0,0.0,0.0
4870,4870,21,0,2,0,0,0.0,0.0
4880,4880,20,0,0,0,0,0.0,0.0
4890,4890,20,0,0,0,0,0.0,0.0
4900,4900,19,2,0,1,0,0.0,0.0
4910,4910,18,2,2,1,0,3.3333333333333335,0.0
4920,4920,16,0,2,0,0,0.0,0.0
4930,4930,15,0,2,0,0,0.0,0.0
4940,4940,15,0,2,0,0,0.0,0.0
4950,4950,14,0,3,0,1,0.0,0.0
4960,4960,12,2,0,0,0,0.0,0.0
4970,4970,12,0,0,0,0,0.0,0.0
4980,4980,11,0,0,1,0,5.0,0.0
4990,4990,10,2,2,0,0,0.0,0.0
5000,5000,10,2,2,0,0,0.0,0.0
5010,5010,10,0,0,0,0,0.0,0.0
5020,5020,9,0,0,0,0,0.0,0.0
5030,5030,8,2,0,1,0,0.5,0.0
5040,5040,6,2,0,1,0,11.0,0.0
5050,5050,6,0,0,0,0,0.0,0.0
5060,5060,25,0,0,1,0,6.0,0.0
5070,5070,24,2,0,0,0,0.0,0.0
5080,5080,22,2,0,0,0,0.0,0.0
5090,5090,22,2,1,0,0,0.0,0.0
5100,5100,22,0,0,0,0,0.0,0.0
5110,5110,20,0,0,0,0,0.0,0.0
5120,5120,20,0,0,0,0,0.0,0.0
5130,5130,18,0,0,0,0,0.0,0.0
5140,5140,16,2,1,0,0,0.0,0.0
5150,5150,14,2,0,0,0,0.0,0.0
5160,5160,14,2,0,0,0,0.0,0.0
5170,5170,13,0,0,1,0,0.0,0.0
5180,5180,12,0,0,1,0,10.0,0.0
5190,5190,11,2,1,0,0,0.0,0.0
5200,5200,11,2,2,2,0,0.0,0.0
5210,5210,10,0,0,0,0,0.0,0.0
5220,5220,9,0,0,0,0,0.0,0.0
5230,5230,9,2,0,0,0,0.0,0.0
5240,5240,8,2,2,0,0,0.0,0.0
5250,5250,7,2,2,0,0,0.0,0.0
5260,5260,6,2,2,1,0,0.0,0.0
5270,5270,27,0,0,2,0,0.5,0.0
5280,5280,24,0,0,0,0,0.0,0.0
5290,5290,23,0,0,0,0,0.0,0.0
5300,5300,23,2,0,7,0,1.1428571428571428,0.0
5310,5310,23,2,1,8,0,8.777777777777779,0.0
5320,5320,22,0,2,1,0,0.6666666666666666,0.0
5330,5330,21,0,0,1,0,14.0,0.0
5340,5340,19,2,0,0,0,0.0,0.0
5350,5350,18,2,0,1,0,5.0,0.0
5360,5360,16,0,0,0,0,0.0,0.0
5370,5370,15,0,0,0,0,0.0,0.0
5380,5380,14,0,0,0,0,0.0,0.0
5390,5390,12,0,0,0,0,0.0,0.0
5400,5400,12,0,0,0,0,0.0,0.0
5410,5410,11,0,1,0,0,0.0,0.0
5420,5420,9,0,0,0,0,0.0,0.0
5430,5430,8,0,0,0,0,0.0,0.0
5440,5440,7,2,0,0,0,0.0,0.0
5450,5450,4,2,0,0,0,0.0,0.0
5460,5460,4,0,2,0,0,0.0,0.0
5470,5470,3,0,2,0,0,0.0,0.0
5480,5480,24,2,2,1,0,0.5,0.0
5490,5490,23,2,2,1,0,2.0,0.0
5500,5500,23,0,0,1,0,12.0,0.0
5510,5510,23,0,0,0,0,0.0,0.0
5520,5520,23,0,0,0,0,0.0,0.0
5530,5530,21,0,0,0,0,0.0,0.0
5540,5540,21,1,0,0,0,0.0,0.0
5550,5550,18,2,0,0,0,0.0,0.0
5560,5560,18,0,0,0,0,0.0,0.0
5570,5570,17,0,2,1,0,1.0,0.0
5580,5580,16,0,2,0,0,0.0,0.0
5590,5590,13,2,2,0,0,0.0,0.0
5600,5600,12,2,0,0,0,0.0,0.0
5610,5610,11,2,0,0,0,0.0,0.0
5620,5620,11,0,0,0,0,0.0,0.0
5630,5630,8,0,0,0,0,0.0,0.0
5640,5640,7,0,1,0,0,0.0,0.0
5650,5650,6,0,2,0,0,0.0,0.0
5660,5660,5,2,2,0,0,0.0,0.0
5670,5670,4,2,0,0,0,0.0,0.0
5680,5680,4,2,0,0,0,0.0,0.0
5690,5690,24,0,0,1,0,0.3333333333333333,0.0
5700,5700,21,0,0,1,0,11.0,0.0
5710,5710,21,2,2,0,0,0.0,0.0
5720,5720,18,2,2,0,0,0.0,0.0
5730,5730,18,2,2,0,0,0.0,0.0
5740,5740,18,2,0,0,0,0.0,0.0
5750,5750,18,0,0,0,0,0.0,0.0
5760,5760,18,0,0,0,0,0.0,0.0
5770,5770,16,0,0,0,0,0.0,0.0
5780,5780,14,0,1,0,0,0.0,0.0
5790,5790,13,1,2,0,0,0.0,0.0
5800,5800,12,0,2,1,0,2.0,0.0
5810,5810,12,0,2,1,0,6.0,0.0
5820,5820,12,2,2,0,0,0.0,0.0
5830,5830,12,2,3,0,1,0.0,2.0
5840,5840,11,2,2,0,0,0.0,0.0
5850,5850,11,2,2,0,3,0.0,3.6666666666666665
5860,5860,10,0,0,0,0,0.0,0.0
5870,5870,9,0,0,0,0,0.0,0.0
5880,5880,6,2,0,0,0,0.0,0.0
5890,5890,4,2,0,0,0,0.0,0.0
5900,5900,24,0,0,0,0,0.0,0.0
5910,5910,23,0,0,0,0,0.0,0.0
5920,5920,22,0,0,0,0,0.0,0.0
5930,5930,21,2,0,0,0,0.0,0.0
5940,5940,20,2,1,0,0,0.0,0.0
5950,5950,20,0,0,0,0,0.0,0.0
5960,5960,19,0,0,0,0,0.0,0.0
5970,5970,18,2,0,0,0,0.0,0.0
5980,5980,18,2,0,1,0,6.0,0.0
5990,5990,17,0,2,1,0,0.0,0.0
6000,6000,15,0,2,0,0,0.0,0.0
6010,6010,14,2,0,0,0,0.0,0.0
6020,6020,13,2,0,0,0,0.0,0.0
6030,6030,11,0,0,0,0,0.0,0.0
6040,6040,9,0,0,0,0,0.0,0.0
6050,6050,7,2,1,1,0,0.0,0.0
6060,6060,6,2,2,0,0,0.0,0.0
6070,6070,6,0,0,0,0,0.0,0.0
6080,6080,5,0,0,0,0,0.0,0.0
6090,6090,4,0,0,0,0,0.0,0.0
6100,6100,4,2,0,0,0,0.0,0.0
6110,6110,25,2,1,1,0,10.0,0.0
6120,6120,23,0,2,0,0,0.0,0.0
6130,6130,21,0,2,0,0,0.0,0.0
6140,6140,21,0,0,0,0,0.0,0.0
6150,6150,21,2,0,0,0,0.0,0.0
6160,6160,21,2,0,1,0,9.0,0.0
6170,6170,20,0,0,3,0,0.3333333333333333,0.0
6180,6180,19,0,1,0,0,0.0,0.0
6190,6190,18,0,0,0,0,0.0,0.0
6200,6200,17,0,0,0,0,0.0,0.0
6210,6210,16,0,0,0,0,0.0,0.0
6220,6220,13,0,0,0,0,0.0,0.0
6230,6230,13,0,1,0,0,0.0,0.0
6240,6240,10,0,0,0,0,0.0,0.0
6250,6250,8,1,0,0,0,0.0,0.0
6260,6260,7,2,0,0,0,0.0,0.0
6270,6270,7,2,0,0,0,0.0,0.0
6280,6280,7,0,2,1,0,0.2,0.0
6290,6290,5,0,2,0,0,0.0,0.0
6300,6300,4,0,0,0,0,0.0,0.0
6310,6310,4,0,0,0,0,0.0,0.0
6320,6320,25,1,2,1,0,1.0,0.0
6330,6330,24,0,2,0,0,0.0,0.0
6340,6340,22,0,0,0,0,0.0,0.0
6350,6350,21,0,0,0,0,0.0,0.0
6360,6360,20,0,0,0,0,0.0,0.0
6370,6370,19,2,0,0,0,0.0,0.0
6380,6380,18,0,1,0,0,0.0,0.0
6390,6390,16,0,2,1,0,5.0,0.0
6400,6400,16,2,2,1,0,4.0,0.0
6410,6410,16,2,2,1,0,14.0,0.0
6420,6420,15,0,2,0,0,0.0,0.0
6430,6430,14,0,2,0,0,0.0,0.0
6440,6440,13,2,2,0,1,0.0,0.0
6450,6450,13,2,0,0,0,0.0,0.0
6460,6460,11,0,0,0,0,0.0,0.0
6470,6470,10,0,0,0,0,0.0,0.0
6480,6480,9,2,0,1,0,2.0,0.0
6490,6490,8,2,1,1,0,1.0,0.0
6500,6500,8,0,2,0,0,0.0,0.0
6510,6510,6,0,2,0,0,0.0,0.0
6520,6520,4,0,0,0,0,0.0,0.0
6530,6530,23,0,0,0,0,0.0,0.0
6540,6540,23,2,0,0,0,0.0,0.0
6550,6550,23,2,0,0,0,0.0,0.0
6560,6560,22,0,1,0,0,0.0,0.0
6570,6570,20,0,2,1,0,2.25,0.0
6580,6580,19,2,2,0,0,0.0,0.0
6590,6590,19,2,2,0,0,0.0,0.0
6600,6600,19,2,0,0,0,0.0,0.0
6610,6610,19,2,0,0,0,0.0,0.0
6620,6620,18,0,0,0,0,0.0,0.0
6630,6630,15,2,0,0,0,0.0,0.0
6640,6640,14,2,2,1,0,1.0,0.0
6650,6650,13,0,0,0,0,0.0,0.0
6660,6660,13,0,0,1,0,7.0,0.0
6670,6670,9,0,0,0,0,0.0,0.0
6680,6680,9,0,0,0,0,0.0,0.0
6690,6690,8,1,0,2,0,0.0,0.0
6700,6700,7,0,0,1,0,0.0,0.0
6710,6710,6,0,0,1,0,10.0,0.0
6720,6720,6,2,0,1,0,3.0,0.0
6730,6730,6,2,1,3,0,10.333333333333334,0.0
6740,6740,26,0,0,0,0,0.0,0.0
6750,6750,24,0,0,2,0,3.0,0.0
6760,6760,22,2,0,0,0,0.0,0.0
6770,6770,21,2,0,0,0,0.0,0.0
6780,6780,20,0,2,1,0,1.3333333333333333,0.0
6790,6790,19,0,2,1,0,14.0,0.0
6800,6800,18,2,2,0,0,0.0,0.0
6810,6810,18,2,0,0,0,0.0,0.0
6820,6820,16,2,0,0,0,0.0,0.0
6830,6830,15,0,0,0,0,0.0,0.0
6840,6840,14,0,0,0,0,0.0,0.0
6850,6850,14,0,1,0,0,0.0,0.0
6860,6860,13,2,2,0,0,0.0,0.0
6870,6870,11,2,0,0,0,0.0,0.0
6880,6880,11,0,0,0,0,0.0,0.0
6890,6890,11,0,0,0,0,0.0,0.0
6900,6900,9,2,0,0,0,0.0,0.0
6910,6910,9,2,0,0,1,0.0,0.0
6920,6920,7,0,0,0,0,0.0,0.0
6930,6930,6,0,0,0,0,0.0,0.0
6940,6940,5,2,0,0,0,0.0,0.0
6950,6950,26,2,1,5,0,3.4,0.0
6960,6960,25,0,0,0,0,0.0,0.0
6970,6970,24,0,0,0,0,0.0,0.0
6980,6980,22,0,0,0,0,0.0,0.0
6990,6990,21,2,2,0,0,0.0,0.0
7000,7000,20,2,2,1,0,4.0,0.0
7010,7010,19,0,0,1,0,2.8,0.0
7020,7020,17,0,0,0,0,0.0,0.0
7030,7030,16,0,0,0,0,0.0,0.0
7040,7040,16,0,0,0,0,0.0,0.0
7050,7050,15,1,0,0,0,0.0,0.0
7060,7060,13,2,0,0,0,0.0,0.0
7070,7070,12,0,0,0,0,0.0,0.0
7080,7080,12,0,0,0,0,0.0,0.0
7090,7090,10,0,1,0,0,0.0,0.0
7100,7100,9,2,0,0,0,0.0,0.0
7110,7110,8,2,0,1,0,0.0,0.0
7120,7120,8,0,0,0,0,0.0,0.0
7130,7130,6,0,0,0,0,0.0,0.0
7140,7140,5,0,2,0,0,0.0,0.0
7150,7150,2,0,0,0,0,0.0,0.0
7160,7160,22,1,0,0,0,0.0,0.0
7170,7170,22,0,0,0,0,0.0,0.0
7180,7180,22,0,0,0,0,0.0,0.0
7190,7190,21,0,2,0,0,0.0,0.0
7200,7200,20,0,0,0,0,0.0,0.0
7210,7210,19,1,0,0,0,0.0,0.0
7220,7220,18,2,0,0,0,0.0,0.0
7230,7230,18,0,0,0,0,0.0,0.0
7240,7240,17,0,1,0,0,0.0,0.0
7250,7250,14,0,2,0,0,0.0,0.0
7260,7260,13,0,2,0,0,0.0,0.0
7270,7270,13,1,2,0,0,0.0,0.0
7280,7280,13,0,2,0,0,0.0,0.0
7290,7290,12,0,2,0,0,0.0,0.0
7300,7300,11,2,2,0,1,0.0,2.5
7310,7310,10,2,0,0,2,0.0,11.0
7320,7320,10,0,0,0,0,0.0,0.0
7330,7330,10,0,0,0,0,0.0,0.0
7340,7340,6,0,0,0,0,0.0,0.0
7350,7350,5,2,1,0,0,0.0,0.0
7360,7360,4,2,2,0,0,0.0,0.0
7370,7370,24,2,2,0,0,0.0,0.0
7380,7380,23,0,0,0,0,0.0,0.0
7390,7390,22,0,0,1,0,6.0,0.0
7400,7400,21,2,0,0,0,0.0,0.0
7410,7410,21,2,0,0,0,0.0,0.0
7420,7420,19,0,0,0,0,0.0,0.0
7430,7430,19,0,0,0,0,0.0,0.0
7440,7440,18,2,0,0,0,0.0,0.0
7450,7450,17,2,2,1,0,0.5,0.0
7460,7460,17,0,2,1,0,0.6666666666666666,0.0
7470,7470,16,0,2,1,0,3.0,0.0
7480,7480,16,2,0,0,0,0.0,0.0
7490,7490,14,2,0,1,0,2.0,0.0
7500,7500,14,0,0,1,0,0.6666666666666666,0.0
7510,7510,12,0,0,0,0,0.0,0.0
7520,7520,11,0,1,0,0,0.0,0.0
7530,7530,11,2,0,1,0,2.0,0.0
7540,7540,10,2,0,1,0,16.0,0.0
7550,7550,9,0,0,0,0,0.0,0.0
7560,7560,8,0,0,1,0,3.0,0.0
7570,7570,8,2,1,0,0,0.0,0.0
7580,7580,26,2,2,1,0,1.0,0.0
7590,7590,24,0,2,1,0,0.6666666666666666,0.0
7600,7600,22,0,2,1,0,14.0,0.0
7610,7610,22,2,0,0,0,0.0,0.0
7620,7620,22,2,0,2,0,6.5,0.0
7630,7630,21,0,0,0,0,0.0,0.0
7640,7640,21,0,0,0,0,0.0,0.0
7650,7650,18,2,1,1,0,0.3333333333333333,0.0
7660,7660,17,2,0,0,0,0.0,0.0
7670,7670,16,0,0,0,0,0.0,0.0
7680,7680,13,0,0,0,0,0.0,0.0
7690,7690,13,0,0,0,0,0.0,0.0
7700,7700,12,0,1,0,1,0.0,4.0
7710,7710,9,1,0,0,0,0.0,0.0
7720,7720,9,0,0,0,0,0.0,0.0
7730,7730,9,0,0,1,0,2.0,0.0
7740,7740,6,2,0,0,0,0.0,0.0
7750,7750,6,2,2,1,0,1.0,0.0
7760,7760,6,0,2,0,0,0.0,0.0
7770,7770,6,0,2,0,0,0.0,0.0
7780,7780,5,2,0,1,0,1.0,0.0
7790,7790,24,2,0,1,0,13.0,0.0
7800,7800,24,0,0,0,0,0.0,0.0
7810,7810,24,0,0,0,0,0.0,0.0
7820,7820,22,2,1,1,0,3.0,0.0
7830,7830,22,2,0,1,0,13.0,0.0
7840,7840,21,0,0,0,0,0.0,0.0
7850,7850,21,0,0,0,0,0.0,0.0
7860,7860,21,0,0,0,0,0.0,0.0
7870,7870,19,0,2,0,0,0.0,0.0
7880,7880,19,2,0,0,0,0.0,0.0
7890,7890,19,0,0,1,1,1.6666666666666667,2.5
7900,7900,16,0,2,1,0,15.0,0.0
7910,7910,14,2,2,0,0,0.0,0.0
7920,7920,14,2,0,1,0,6.0,0.0
7930,7930,13,0,0,0,0,0.0,0.0
7940,7940,11,0,0,0,0,0.0,0.0
7950,7950,10,2,0,5,0,3.0,0.0
7960,7960,10,2,1,5,0,13.0,0.0
7970,7970,9,0,0,1,0,0.3333333333333333,0.0
7980,7980,6,0,0,0,0,0.0,0.0
7990,7990,3,2,0,0,0,0.0,0.0
8000,8000,24,2,0,1,0,0.0,0.0
8010,8010,24,0,2,1,0,2.0,0.0
8020,8020,23,0,2,1,0,1.3333333333333333,0.0
8030,8030,22,2,0,0,0,0.0,0.0
8040,8040,21,2,0,0,0,0.0,0.0
8050,8050,19,2,0,0,0,0.0,0.0
8060,8060,18,2,0,0,0,0.0,0.0
8070,8070,18,0,1,0,0,0.0,0.0
8080,8080,18,2,2,0,0,0.0,0.0
8090,8090,16,2,0,0,0,0.0,0.0
8100,8100,14,2,0,0,0,0.0,0.0
8110,8110,12,0,0,0,0,0.0,0.0
8120,8120,12,0,0,0,0,0.0,0.0
8130,8130,12,0,1,0,1,0.0,0.0
8140,8140,9,2,0,0,0,0.0,0.0
8150,8150,8,2,0,0,0,0.0,0.0
8160,8160,8,0,0,0,0,0.0,0.0
8170,8170,8,0,0,0,0,0.0,0.0
8180,8180,7,2,0,0,0,0.0,0.0
8190,8190,6,2,0,1,0,2.0,0.0
8200,8200,4,0,0,1,0,12.0,0.0
8210,8210,22,0,0,1,0,7.0,0.0
8220,8220,22,2,1,1,0,17.0,0.0
8230,8230,21,2,2,1,0,9.0,0.0
8240,8240,21,0,2,1,0,19.0,0.0
8250,8250,19,0,2,0,0,0.0,0.0
8260,8260,18,2,0,0,0,0.0,0.0
8270,8270,18,2,0,0,0,0.0,0.0
8280,8280,17,2,0,1,0,5.0,0.0
8290,8290,16,2,0,1,0,5.0,0.0
8300,8300,16,3,2,3,0,7.0,0.0
8310,8310,15,2,2,0,0,0.0,0.0
8320,8320,15,2,2,2,0,6.0,0.0
8330,8330,15,2,0,2,0,16.0,0.0
8340,8340,15,2,0,2,0,26.0,0.0
8350,8350,15,3,0,2,0,2.0,0.0
8360,8360,14,2,0,3,0,0.6666666666666666,0.0
8370,8370,14,2,1,4,0,9.25,0.0
8380,8380,13,2,0,4,0,17.5,0.0
8390,8390,13,2,0,4,0,15.714285714285714,0.0
8400,8400,13,2,0,4,0,2.5714285714285716,0.0
8410,8410,10,2,0,1,0,1.0,0.0
8420,8420,30,0,0,5,0,6.0,0.0
8430,8430,28,0,0,0,0,0.0,0.0
8440,8440,26,0,0,0,0,0.0,0.0
8450,8450,26,2,0,0,0,0.0,0.0
8460,8460,25,2,1,2,0,3.5,0.0
8470,8470,23,0,0,1,0,12.0,0.0
8480,8480,20,0,0,0,0,0.0,0.0
8490,8490,20,2,0,0,0,0.0,0.0
8500,8500,18,2,0,0,0,0.0,0.0
8510,8510,17,0,1,3,0,2.3333333333333335,0.0
8520,8520,16,0,0,0,0,0.0,0.0
8530,8530,14,0,0,0,0,0.0,0.0
8540,8540,13,2,0,0,0,0.0,0.0
8550,8550,11,2,0,1,0,6.0,0.0
8560,8560,9,0,1,0,0,0.0,0.0
8570,8570,8,0,2,0,0,0.0,0.0
8580,8580,7,0,0,0,0,0.0,0.0
8590,8590,6,0,0,0,0,0.0,0.0
8600,8600,6,0,0,0,0,0.0,0.0
8610,8610,4,0,0,0,0,0.0,0.0
8620,8620,4,0,2,0,0,0.0,0.0
8630,8630,24,2,2,0,0,0.0,0.0
8640,8640,23,2,0,2,0,2.0,0.0
8650,8650,23,0,0,1,0,4.0,0.0
8660,8660,22,0,0,0,0,0.0,0.0
8670,8670,20,0,0,0,0,0.0,0.0
8680,8680,19,0,1,0,0,0.0,0.0
8690,8690,19,2,0,0,0,0.0,0.0
8700,8700,18,2,0,0,0,0.0,0.0
8710,8710,17,0,0,0,0,0.0,0.0
8720,8720,17,0,0,0,0,0.0,0.0
8730,8730,16,2,1,1,0,1.0,0.0
8740,8740,14,2,0,0,0,0.0,0.0
8750,8750,14,0,0,1,0,2.0,0.0
8760,8760,13,0,0,0,0,0.0,0.0
8770,8770,13,0,0,0,0,0.0,0.0
8780,8780,9,0,1,0,0,0.0,0.0
8790,8790,7,2,2,0,0,0.0,0.0
8800,8800,6,2,0,0,0,0.0,0.0
8810,8810,5,2,0,0,0,0.0,0.0
8820,8820,5,2,0,0,0,0.0,0.0
8830,8830,5,0,0,0,0,0.0,0.0
8840,8840,25,2,1,0,0,0.0,0.0
8850,8850,24,2,0,0,0,0.0,0.0
8860,8860,23,2,0,0,0,0.0,0.0
8870,8870,21,2,0,0,0,0.0,0.0
8880,8880,20,0,0,0,0,0.0,0.0
8890,8890,19,0,1,0,0,0.0,0.0
8900,8900,18,0,0,0,0,0.0,0.0
8910,8910,18,2,0,1,0,0.0,0.0
8920,8920,17,2,0,0,0,0.0,0.0
8930,8930,17,2,0,0,0,0.0,0.0
8940,8940,15,0,0,0,1,0.0,0.0
8950,8950,14,0,0,0,0,0.0,0.0
8960,8960,14,0,0,0,0,0.0,0.0
8970,8970,10,2,0,0,0,0.0,0.0
8980,8980,9,2,1,0,0,0.0,0.0
8990,8990,9,0,2,0,0,0.0,0.0
9000,9000,8,0,2,0,0,0.0,0.0
9010,9010,7,2,2,1,0,1.0,0.0
9020,9020,7,2,0,1,0,11.0,0.0
9030,9030,6,0,0,0,0,0.0,0.0
9040,9040,4,0,0,0,0,0.0,0.0
9050,9050,25,0,0,0,0,0.0,0.0
9060,9060,24,0,0,0,0,0.0,0.0
9070,9070,24,0,0,1,0,1.5,0.0
9080,9080,22,0,0,1,0,5.0,0.0
9090,9090,21,2,0,1,0,7.5,0.0
9100,9100,20,2,1,0,0,0.0,0.0
9110,9110,18,2,2,0,0,0.0,0.0
9120,9120,18,0,0,0,0,0.0,0.0
9130,9130,17,0,0,0,0,0.0,0.0
9140,9140,17,2,0,0,0,0.0,0.0
9150,9150,16,2,0,5,0,1.0,0.0
9160,9160,15,0,2,0,0,0.0,0.0
9170,9170,13,0,0,0,0,0.0,0.0
9180,9180,12,0,0,0,0,0.0,0.0
9190,9190,10,2,0,1,0,1.0,0.0
9200,9200,9,2,0,1,0,3.6666666666666665,0.0
9210,9210,9,0,2,1,0,1.0,0.0
9220,9220,7,0,2,1,0,7.0,0.0
9230,9230,6,2,2,0,0,0.0,0.0
9240,9240,5,2,0,1,0,9.0,0.0
9250,9250,5,0,0,0,0,0.0,0.0
9260,9260,26,0,0,0,0,0.0,0.0
9270,9270,24,0,0,0,0,0.0,0.0
9280,9280,22,0,0,0,1,0.0,4.0
9290,9290,21,0,0,1,0,3.0,0.0
9300,9300,21,0,0,0,0,0.0,0.0
9310,9310,19,0,2,0,0,0.0,0.0
9320,9320,19,2,2,0,1,0.0,0.0
9330,9330,19,2,0,0,0,0.0,0.0
9340,9340,19,0,0,0,0,0.0,0.0
9350,9350,19,0,0,0,0,0.0,0.0
9360,9360,18,2,0,0,0,0.0,0.0
9370,9370,18,2,1,0,0,0.0,0.0
9380,9380,14,0,0,0,0,0.0,0.0
9390,9390,13,0,0,1,0,1.6,0.0
9400,9400,12,2,0,1,0,9.0,0.0
9410,9410,11,2,0,1,0,1.0,0.0
9420,9420,11,0,0,5,0,5.166666666666667,0.0
9430,9430,9,0,0,2,0,0.0,0.0
9440,9440,8,0,0,4,0,4.166666666666667,0.0
9450,9450,5,0,0,0,0,0.0,0.0
9460,9460,4,2,1,2,0,0.0,0.0
9470,9470,24,2,2,1,0,3.3333333333333335,0.0
9480,9480,23,0,2,0,0,0.0,0.0
9490,9490,21,0,2,0,0,0.0,0.0
9500,9500,19,2,2,0,0,0.0,0.0
9510,9510,19,2,2,1,0,1.0,0.0
9520,9520,19,0,2,0,0,0.0,0.0
9530,9530,19,0,2,0,0,0.0,0.0
9540,9540,19,2,2,3,0,2.0,0.0
9550,9550,18,2,0,1,0,5.5,0.0
9560,9560,17,0,0,0,0,0.0,0.0
9570,9570,15,0,0,0,0,0.0,0.0
9580,9580,13,2,0,0,0,0.0,0.0
9590,9590,12,2,0,0,0,0.0,0.0
9600,9600,11,2,0,0,0,0.0,0.0
9610,9610,10,0,0,0,0,0.0,0.0
9620,9620,8,0,0,0,0,0.0,0.0
9630,9630,6,0,1,0,0,0.0,0.0
9640,9640,6,2,2,0,0,0.0,0.0
9650,9650,6,2,2,1,0,7.0,0.0
9660,9660,6,0,0,1,0,0.0,0.0
9670,9670,6,0,0,1,0,10.0,0.0
9680,9680,27,2,0,1,0,2.0,0.0
9690,9690,26,2,2,4,0,6.75,0.0
9700,9700,25,0,2,0,0,0.0,0.0
9710,9710,24,0,0,0,0,0.0,0.0
9720,9720,20,0,0,0,0,0.0,0.0
9730,9730,20,0,0,0,0,0.0,0.0
9740,9740,18,0,0,0,0,0.0,0.0
9750,9750,17,0,1,0,0,0.0,0.0
9760,9760,16,0,2,0,0,0.0,0.0
9770,9770,14,2,2,1,0,8.0,0.0
9780,9780,13,2,2,1,0,18.0,0.0
9790,9790,12,0,2,0,0,0.0,0.0
9800,9800,12,0,0,0,0,0.0,0.0
9810,9810,11,0,0,0,0,0.0,0.0
9820,9820,9,0,0,0,0,0.0,0.0
9830,9830,6,2,0,0,0,0.0,0.0
9840,9840,5,0,2,0,0,0.0,0.0
9850,9850,5,0,2,0,0,0.0,0.0
9860,9860,5,2,2,0,0,0.0,0.0
9870,9870,5,2,2,1,0,0.0,0.0
9880,9880,4,0,3,0,0,0.0,0.0
9890,9890,24,0,2,0,0,0.0,0.0
9900,9900,22,0,2,0,2,0.0,2.5
9910,9910,22,0,0,0,0,0.0,0.0
9920,9920,21,0,0,1,0,2.0,0.0
9930,9930,21,0,0,0,0,0.0,0.0
9940,9940,20,0,0,0,0,0.0,0.0
9950,9950,18,2,1,0,0,0.0,0.0
9960,9960,15,2,2,1,0,3.0,0.0
9970,9970,15,0,2,0,0,0.0,0.0
9980,9980,15,0,2,1,0,9.0,0.0
9990,9990,15,2,2,0,0,0.0,0.0
10000,10000,14,2,2,1,0,2.0,0.0
10010,10010,13,0,2,0,1,0.0,7.0
10020,10020,12,0,0,1,0,10.0,0.0
10030,10030,10,2,0,0,0,0.0,0.0
10040,10040,9,2,0,0,0,0.0,0.0
10050,10050,9,2,2,0,0,0.0,0.0
10060,10060,9,2,2,0,1,0.0,4.0
10070,10070,9,3,0,0,0,0.0,0.0
10080,10080,8,2,0,0,0,0.0,0.0
10090,10090,7,2,0,1,0,9.0,0.0
10100,10100,28,0,0,1,0,0.6666666666666666,0.0
10110,10110,26,0,0,0,0,0.0,0.0
10120,10120,25,2,0,0,0,0.0,0.0
10130,10130,22,2,0,1,0,2.0,0.0
10140,10140,21,0,0,5,0,4.8,0.0
10150,10150,19,0,1,0,0,0.0,0.0
10160,10160,19,2,0,1,0,3.0,0.0
10170,10170,18,2,0,2,0,9.0,0.0
10180,10180,18,0,0,2,0,12.666666666666666,0.0
10190,10190,17,0,0,0,0,0.0,0.0
10200,10200,14,0,1,0,0,0.0,0.0
10210,10210,14,0,2,0,0,0.0,0.0
10220,10220,14,1,0,0,0,0.0,0.0
10230,10230,13,2,0,0,0,0.0,0.0
10240,10240,12,0,0,0,1,0.0,0.0
10250,10250,11,0,0,0,0,0.0,0.0
10260,10260,11,2,1,1,0,0.5,0.0
10270,10270,10,2,2,1,0,6.0,0.0
10280,10280,7,0,0,0,0,0.0,0.0
10290,10290,7,0,0,0,0,0.0,0.0
10300,10300,6,2,0,1,0,0.0,0.0
10310,10310,24,2,0,1,0,10.0,0.0
10320,10320,24,0,0,0,0,0.0,0.0
10330,10330,21,0,0,0,0,0.0,0.0
10340,10340,21,2,0,0,0,0.0,0.0
10350,10350,20,2,0,1,0,8.0,0.0
10360,10360,20,0,1,0,0,0.0,0.0
10370,10370,18,0,2,0,0,0.0,0.0
10380,10380,17,2,0,0,1,0.0,0.0
10390,10390,17,2,0,0,0,0.0,0.0
10400,10400,17,2,0,0,0,0.0,0.0
10410,10410,17,2,0,2,0,2.0,0.0
10420,10420,17,0,1,7,0,2.0,0.0
10430,10430,15,0,2,3,0,6.6,0.0
10440,10440,14,2,0,1,0,0.0,0.0
10450,10450,13,2,0,1,1,10.0,5.0
10460,10460,12,0,0,0,1,0.0,3.75
10470,10470,11,0,2,0,0,0.0,0.0
10480,10480,9,2,2,0,0,0.0,0.0
10490,10490,6,2,0,0,0,0.0,0.0
10500,10500,4,0,0,0,0,0.0,0.0
10510,10510,4,0,0,0,0,0.0,0.0
10520,10520,25,0,0,0,0,0.0,0.0
10530,10530,25,2,1,1,0,0.0,0.0
10540,10540,24,2,0,0,0,0.0,0.0
10550,10550,23,2,0,0,0,0.0,0.0
10560,10560,23,0,0,0,0,0.0,0.0
10570,10570,21,0,0,0,0,0.0,0.0
10580,10580,20,0,1,0,0,0.0,0.0
10590,10590,19,0,0,0,1,0.0,0.5
10600,10600,19,1,0,0,0,0.0,0.0
10610,10610,18,0,0,0,0,0.0,0.0
10620,10620,17,0,0,0,0,0.0,0.0
10630,10630,15,2,1,0,0,0.0,0.0
10640,10640,12,2,0,0,0,0.0,0.0
10650,10650,10,2,0,0,0,0.0,0.0
10660,10660,10,0,0,0,0,0.0,0.0
10670,10670,8,0,2,0,0,0.0,0.0
10680,10680,7,0,2,0,0,0.0,0.0
10690,10690,6,2,2,0,0,0.0,0.0
10700,10700,6,2,2,1,0,5.0,0.0
10710,10710,6,0,0,0,0,0.0,0.0
10720,10720,5,0,0,1,0,1.0,0.0
10730,10730,25,2,0,0,0,0.0,0.0
10740,10740,25,2,0,1,0,8.0,0.0
10750,10750,22,0,1,1,0,0.5,0.0
10760,10760,22,0,0,2,0,4.5,0.0
10770,10770,21,2,0,0,0,0.0,0.0
10780,10780,19,2,0,0,0,0.0,0.0
10790,10790,19,0,0,0,0,0.0,0.0
10800,10800,18,0,2,0,0,0.0,0.0
10810,10810,16,2,0,0,0,0.0,0.0
10820,10820,16,2,0,0,0,0.0,0.0
10830,10830,15,0,0,0,0,0.0,0.0
10840,10840,12,0,0,0,0,0.0,0.0
10850,10850,12,0,1,0,0,0.0,0.0
10860,10860,12,0,2,0,0,0.0,0.0
10870,10870,10,0,0,2,0,1.5,0.0
10880,10880,9,0,0,0,0,0.0,0.0
10890,10890,7,2,0,1,0,5.0,0.0
10900,10900,7,2,0,0,0,0.0,0.0
10910,10910,6,2,0,0,1,0.0,2.0
10920,10920,6,0,0,0,0,0.0,0.0
10930,10930,4,0,0,2,0,9.0,0.0
10940,10940,24,2,0,0,0,0.0,0.0
10950,10950,23,2,1,1,0,3.0,0.0
10960,10960,23,0,0,0,0,0.0,0.0
10970,10970,23,0,0,0,0,0.0,0.0
10980,10980,22,2,0,1,0,3.0,0.0
10990,10990,21,2,2,1,0,0.6666666666666666,0.0
11000,11000,21,0,2,1,0,0.3333333333333333,0.0
11010,11010,19,0,2,0,0,0.0,0.0
11020,11020,17,0,2,0,0,0.0,0.0
11030,11030,17,0,0,0,0,0.0,0.0
11040,11040,16,1,0,1,0,2.0,0.0
11050,11050,15,0,0,0,0,0.0,0.0
11060,11060,14,0,0,0,0,0.0,0.0
11070,11070,13,0,1,0,1,0.0,0.0
11080,11080,11,0,0,0,0,0.0,0.0
11090,11090,8,2,0,0,0,0.0,0.0
11100,11100,8,2,0,0,0,0.0,0.0
11110,11110,6,0,0,0,0,0.0,0.0
11120,11120,5,0,2,0,0,0.0,0.0
11130,11130,5,0,2,0,0,0.0,0.0
11140,11140,4,0,2,0,0,0.0,0.0
11150,11150,25,2,0,0,0,0.0,0.0
11160,11160,24,2,0,0,0,0.0,0.0
11170,11170,22,2,0,0,0,0.0,0.0
11180,11180,21,0,0,0,0,0.0,0.0
11190,11190,20,0,2,0,0,0.0,0.0
11200,11200,19,0,0,0,0,0.0,0.0
11210,11210,17,0,0,0,0,0.0,0.0
11220,11220,17,2,0,0,0,0.0,0.0
11230,11230,15,0,0,0,0,0.0,0.0
11240,11240,13,0,1,0,0,0.0,0.0
11250,11250,13,2,2,0,0,0.0,0.0
11260,11260,13,2,0,0,0,0.0,0.0
11270,11270,12,0,0,0,0,0.0,0.0
11280,11280,10,0,0,2,0,0.0,0.0
11290,11290,9,2,0,0,0,0.0,0.0
11300,11300,9,2,2,0,0,0.0,0.0
11310,11310,9,0,2,0,0,0.0,0.0
11320,11320,8,0,2,0,0,0.0,0.0
11330,11330,8,2,2,0,0,0.0,0.0
11340,11340,7,2,0,1,0,3.0,0.0
11350,11350,7,2,0,0,0,0.0,0.0
11360,11360,24,0,0,0,0,0.0,0.0
11370,11370,23,0,0,1,0,1.5,0.0
11380,11380,22,2,0,0,0,0.0,0.0
11390,11390,22,2,0,0,0,0.0,0.0
11400,11400,21,0,0,1,0,0.3333333333333333,0.0
11410,11410,20,0,0,0,0,0.0,0.0
11420,11420,20,2,1,0,0,0.0,0.0
11430,11430,18,2,0,1,0,3.5,0.0
11440,11440,17,2,0,0,0,0.0,0.0
11450,11450,15,2,0,0,0,0.0,0.0
11460,11460,14,3,0,0,0,0.0,0.0
11470,11470,14,0,1,0,0,0.0,0.0
11480,11480,14,2,2,0,0,0.0,0.0
11490,11490,13,2,0,0,0,0.0,0.0
11500,11500,11,2,0,0,0,0.0,0.0
11510,11510,10,2,0,0,0,0.0,0.0
11520,11520,8,0,0,0,0,0.0,0.0
11530,11530,7,0,2,0,0,0.0,0.0
11540,11540,6,0,2,0,0,0.0,0.0
11550,11550,6,2,0,0,0,0.0,0.0
11560,11560,6,2,0,0,0,0.0,0.0
11570,11570,25,0,0,0,0,0.0,0.0
11580,11580,24,0,0,0,0,0.0,0.0
11590,11590,22,2,2,0,0,0.0,0.0
11600,11600,22,2,2,1,0,1.0,0.0
11610,11610,21,0,0,1,0,0.0,0.0
11620,11620,21,0,0,0,0,0.0,0.0
11630,11630,20,0,0,0,0,0.0,0.0
11640,11640,19,2,0,0,0,0.0,0.0
11650,11650,19,2,1,0,0,0.0,0.0
11660,11660,16,0,0,0,0,0.0,0.0
11670,11670,16,0,0,0,0,0.0,0.0
11680,11680,14,2,0,0,0,0.0,0.0
11690,11690,11,2,0,0,0,0.0,0.0
11700,11700,11,2,1,0,0,0.0,0.0
11710,11710,11,0,2,0,0,0.0,0.0
11720,11720,11,0,0,1,0,0.5,0.0
11730,11730,10,2,0,0,1,0.0,1.5
11740,11740,10,2,2,0,1,0.0,13.0
11750,11750,10,0,2,0,0,0.0,0.0
11760,11760,7,0,0,0,0,0.0,0.0
11770,11770,7,0,0,0,0,0.0,0.0
11780,11780,26,0,0,0,0,0.0,0.0
11790,11790,24,2,2,1,0,1.0,0.0
11800,11800,23,0,2,0,0,0.0,0.0
11810,11810,22,0,2,2,0,9.0,0.0
11820,11820,21,2,0,0,0,0.0,0.0
11830,11830,20,2,0,0,0,0.0,0.0
11840,11840,20,0,0,0,0,0.0,0.0
11850,11850,18,0,2,0,0,0.0,0.0
11860,11860,16,0,2,0,0,0.0,0.0
11870,11870,16,0,0,0,0,0.0,0.0
11880,11880,16,1,0,0,0,0.0,0.0
11890,11890,16,0,0,0,0,0.0,0.0
11900,11900,13,0,0,1,0,1.0,0.0
11910,11910,12,2,2,2,0,11.0,0.0
11920,11920,11,2,0,1,0,1.0,0.0
11930,11930,10,0,0,1,0,11.0,0.0
11940,11940,8,0,0,0,0,0.0,0.0
11950,11950,6,0,0,0,0,0.0,0.0
11960,11960,6,0,1,0,2,0.0,0.3333333333333333
11970,11970,5,1,0,0,1,0.0,0.6666666666666666
11980,11980,4,2,0,0,0,0.0,0.0
11990,11990,25,0,0,0,0,0.0,0.0
12000,12000,23,0,0,0,0,0.0,0.0
12010,12010,20,2,2,0,0,0.0,0.0
12020,12020,20,2,2,1,0,0.0,0.0
12030,12030,19,0,2,1,0,1.0,0.0
12040,12040,18,0,2,1,0,11.0,0.0
12050,12050,18,2,0,0,0,0.0,0.0
12060,12060,18,2,0,0,0,0.0,0.0
12070,12070,18,0,0,0,0,0.0,0.0
12080,12080,15,0,0,1,0,8.0,0.0
12090,12090,15,2,2,3,0,7.333333333333333,0.0
12100,12100,15,2,0,0,0,0.0,0.0
12110,12110,15,0,0,1,0,1.0,0.0
12120,12120,14,0,0,0,0,0.0,0.0
12130,12130,14,2,2,1,0,8.0,0.0
12140,12140,12,2,2,0,1,0.0,0.0
12150,12150,12,0,0,2,4,4.5,6.75
12160,12160,12,0,0,0,0,0.0,0.0
12170,12170,10,2,0,2,0,3.5,0.0
12180,12180,6,2,0,1,0,3.0,0.0
12190,12190,6,0,1,3,0,7.0,0.0
12200,12200,26,0,0,0,0,0.0,0.0
12210,12210,25,2,0,0,0,0.0,0.0
12220,12220,25,2,0,0,0,0.0,0.0
12230,12230,24,0,0,1,0,0.5,0.0
12240,12240,24,0,1,0,0,0.0,0.0
12250,12250,24,0,2,0,0,0.0,0.0
12260,12260,24,0,0,0,0,0.0,0.0
12270,12270,20,2,0,0,0,0.0,0.0
12280,12280,20,2,0,0,0,0.0,0.0
12290,12290,16,0,0,1,0,0.5,0.0
12300,12300,14,0,2,0,0,0.0,0.0
12310,12310,13,0,2,0,0,0.0,0.0
12320,12320,13,2,0,0,0,0.0,0.0
12330,12330,11,2,0,0,0,0.0,0.0
12340,12340,10,2,2,0,0,0.0,0.0
12350,12350,9,2,2,0,0,0.0,0.0
12360,12360,9,0,2,0,0,0.0,0.0
12370,12370,7,0,2,0,0,0.0,0.0
12380,12380,5,0,3,0,0,0.0,0.0
12390,12390,4,0,0,0,0,0.0,0.0
12400,12400,4,1,0,0,0,0.0,0.0
12410,12410,25,0,0,0,0,0.0,0.0
12420,12420,24,0,2,1,0,6.0,0.0
12430,12430,24,2,2,0,0,0.0,0.0
12440,12440,24,2,0,1,0,10.0,0.0
12450,12450,23,0,0,1,0,0.3333333333333333,0.0
12460,12460,19,0,0,0,0,0.0,0.0
12470,12470,17,0,0,0,0,0.0,0.0
12480,12480,17,0,1,0,0,0.0,0.0
12490,12490,16,2,0,0,0,0.0,0.0
12500,12500,14,2,0,0,0,0.0,0.0
12510,12510,14,0,0,1,0,1.6666666666666667,0.0
12520,12520,12,0,0,1,0,5.0,0.0
12530,12530,12,2,1,1,0,2.0,0.0
12540,12540,12,2,0,1,0,12.0,0.0
12550,12550,11,0,0,0,0,0.0,0.0
12560,12560,10,0,0,1,0,7.0,0.0
12570,12570,10,2,0,0,0,0.0,0.0
12580,12580,9,2,1,0,0,0.0,0.0
12590,12590,8,0,0,0,0,0.0,0.0
12600,12600,5,0,0,0,0,0.0,0.0
12610,12610,5,2,0,0,0,0.0,0.0
12620,12620,26,2,0,1,0,7.0,0.0
12630,12630,25,0,2,0,0,0.0,0.0
12640,12640,24,0,2,1,1,6.0,1.0
12650,12650,24,2,0,0,0,0.0,0.0
12660,12660,22,2,0,0,0,0.0,0.0
12670,12670,22,0,0,0,0,0.0,0.0
12680,12680,20,0,0,0,0,0.0,0.0
12690,12690,16,2,2,0,0,0.0,0.0
12700,12700,14,2,2,0,0,0.0,0.0
12710,12710,13,2,2,0,0,0.0,0.0
12720,12720,13,2,2,0,0,0.0,0.0
12730,12730,13,3,3,0,0,0.0,0.0
12740,12740,13,2,2,0,0,0.0,0.0
12750,12750,13,2,2,0,0,0.0,0.0
12760,12760,12,0,0,0,0,0.0,0.0
12770,12770,9,0,0,0,0,0.0,0.0
12780,12780,7,2,0,1,0,0.0,0.0
12790,12790,6,2,0,1,0,9.0,0.0
12800,12800,6,0,1,1,0,19.0,0.0
12810,12810,5,0,2,0,0,0.0,0.0
12820,12820,5,0,2,0,0,0.0,0.0
12830,12830,23,2,0,0,0,0.0,0.0
12840,12840,23,2,0,0,1,0.0,8.0
12850,12850,22,0,2,0,0,0.0,0.0
12860,12860,22,0,2,0,0,0.0,0.0
12870,12870,20,2,0,1,0,0.0,0.0
12880,12880,19,2,0,1,0,9.0,0.0
12890,12890,18,0,0,2,0,7.666666666666667,0.0
12900,12900,15,0,0,0,0,0.0,0.0
12910,12910,15,0,1,0,0,0.0,0.0
12920,12920,15,0,2,0,0,0.0,0.0
12930,12930,14,2,0,0,0,0.0,0.0
12940,12940,13,2,0,0,0,0.0,0.0
12950,12950,13,2,0,1,0,4.5,0.0
12960,12960,13,2,0,2,0,5.6,0.0
12970,12970,13,2,2,1,0,4.833333333333333,0.0
12980,12980,10,2,0,2,0,7.0,0.0
12990,12990,10,0,0,2,0,11.333333333333334,0.0
13000,13000,10,0,0,1,0,0.5714285714285714,0.0
13010,13010,8,2,0,3,0,3.0,0.0
13020,13020,8,2,1,4,0,6.75,0.0
13030,13030,7,0,0,4,0,16.75,0.0
13040,13040,25,0,0,0,0,0.0,0.0
13050,13050,25,2,0,1,0,6.0,0.0
13060,13060,23,2,0,1,0,4.0,0.0
13070,13070,22,0,1,5,0,6.0,0.0
13080,13080,21,0,0,0,0,0.0,0.0
13090,13090,20,2,0,1,0,0.0,0.0
13100,13100,20,2,0,0,0,0.0,0.0
13110,13110,19,2,0,0,0,0.0,0.0
13120,13120,17,0,2,0,0,0.0,0.0
13130,13130,16,0,0,0,0,0.0,0.0
13140,13140,16,2,0,1,0,1.0,0.0
13150,13150,14,2,0,0,0,0.0,0.0
13160,13160,13,0,0,0,0,0.0,0.0
13170,13170,12,0,2,0,0,0.0,0.0
13180,13180,11,2,2,0,0,0.0,0.0
13190,13190,9,2,0,0,0,0.0,0.0
13200,13200,8,2,0,0,0,0.0,0.0
13210,13210,8,0,0,0,0,0.0,0.0
13220,13220,7,0,0,1,0,1.0,0.0
13230,13230,6,2,0,0,0,0.0,0.0
13240,13240,5,2,0,0,0,0.0,0.0
13250,13250,24,0,0,1,0,0.0,0.0
13260,13260,24,0,0,0,0,0.0,0.0
13270,13270,23,0,1,0,0,0.0,0.0
13280,13280,22,0,0,0,0,0.0,0.0
13290,13290,21,1,0,0,0,0.0,0.0
13300,13300,21,0,0,0,0,0.0,0.0
13310,13310,19,0,0,0,0,0.0,0.0
13320,13320,18,0,1,0,0,0.0,0.0
13330,13330,15,0,0,0,0,0.0,0.0
13340,13340,14,1,0,0,0,0.0,0.0
13350,13350,14,0,0,0,0,0.0,0.0
13360,13360,13,0,0,0,0,0.0,0.0
13370,13370,13,0,2,0,0,0.0,0.0
13380,13380,12,2,0,0,0,0.0,0.0
13390,13390,10,2,0,0,0,0.0,0.0
13400,13400,10,0,0,0,0,0.0,0.0
13410,13410,8,0,0,1,0,6.0,0.0
13420,13420,6,2,1,0,0,0.0,0.0
13430,13430,5,2,2,0,0,0.0,0.0
13440,13440,5,2,2,0,0,0.0,0.0
13450,13450,4,0,2,0,0,0.0,0.0
13460,13460,25,0,2,1,0,6.0,0.0
13470,13470,25,2,0,0,1,0.0,0.5
13480,13480,24,2,0,0,0,0.0,0.0
13490,13490,23,0,0,0,0,0.0,0.0
13500,13500,22,0,0,0,0,0.0,0.0
13510,13510,21,0,0,0,1,0.0,0.5
13520,13520,20,2,0,0,0,0.0,0.0
13530,13530,18,2,0,1,0,8.0,0.0
13540,13540,18,0,0,0,0,0.0,0.0
13550,13550,17,0,1,0,0,0.0,0.0
13560,13560,14,2,0,0,0,0.0,0.0
13570,13570,13,2,0,0,0,0.0,0.0
13580,13580,12,2,0,0,0,0.0,0.0
13590,13590,12,2,0,2,0,1.0,0.0
13600,13600,9,2,1,1,0,3.0,0.0
13610,13610,9,2,2,1,0,2.0,0.0
13620,13620,9,0,0,2,0,8.0,0.0
13630,13630,7,0,0,0,0,0.0,0.0
13640,13640,6,2,0,0,0,0.0,0.0
13650,13650,3,2,0,1,0,2.0,0.0
13660,13660,3,0,1,1,0,12.0,0.0
13670,13670,24,0,2,1,0,1.3333333333333333,0.0
13680,13680,23,2,2,1,0,14.0,0.0
13690,13690,23,2,0,0,0,0.0,0.0
13700,13700,22,2,0,0,0,0.0,0.0
13710,13710,20,0,0,0,0,0.0,0.0
13720,13720,18,0,0,0,0,0.0,0.0
13730,13730,18,2,1,0,0,0.0,0.0
13740,13740,17,2,0,0,0,0.0,0.0
13750,13750,17,0,0,1,0,0.25,0.0
13760,13760,16,0,0,1,0,11.0,0.0
13770,13770,14,2,0,0,0,0.0,0.0
13780,13780,14,2,0,0,1,0.0,0.0
13790,13790,14,2,0,0,0,0.0,0.0
13800,13800,13,0,0,0,0,0.0,0.0
13810,13810,12,0,0,0,0,0.0,0.0
13820,13820,9,2,1,0,0,0.0,0.0
13830,13830,9,2,2,0,0,0.0,0.0
13840,13840,7,0,2,0,0,0.0,0.0
13850,13850,7,0,2,0,0,0.0,0.0
13860,13860,6,2,2,1,0,6.0,0.0
13870,13870,6,2,2,0,1,0.0,0.0
13880,13880,26,0,2,0,0,0.0,0.0
13890,13890,24,0,2,0,0,0.0,0.0
13900,13900,24,2,2,0,0,0.0,0.0
13910,13910,23,2,0,1,0,3.0,0.0
13920,13920,22,0,0,1,0,0.0,0.0
13930,13930,20,0,0,0,0,0.0,0.0
13940,13940,18,0,0,0,0,0.0,0.0
13950,13950,17,2,2,1,0,4.0,0.0
13960,13960,17,2,2,1,0,14.0,0.0
13970,13970,16,0,2,1,0,1.0,0.0
13980,13980,15,0,2,1,0,13.0,0.0
13990,13990,14,2,3,0,0,0.0,0.0
14000,14000,12,2,2,0,0,0.0,0.0
14010,14010,11,0,2,0,0,0.0,0.0
14020,14020,11,0,2,0,0,0.0,0.0
14030,14030,10,0,2,0,0,0.0,0.0
14040,14040,9,2,0,1,0,5.0,0.0
14050,14050,8,2,0,0,0,0.0,0.0
14060,14060,8,0,0,0,0,0.0,0.0
14070,14070,7,0,0,0,0,0.0,0.0
14080,14080,5,0,2,0,0,0.0,0.0
14090,14090,25,2,2,0,1,0.0,3.0
14100,14100,25,2,0,0,0,0.0,0.0
14110,14110,25,0,0,0,0,0.0,0.0
14120,14120,23,0,0,1,0,0.4,0.0
14130,14130,21,2,0,2,0,10.5,0.0
14140,14140,20,2,0,0,0,0.0,0.0
14150,14150,20,2,0,0,0,0.0,0.0
14160,14160,20,2,0,0,0,0.0,0.0
14170,14170,19,3,0,2,0,0.0,0.0
14180,14180,18,2,1,1,1,0.0,3.0
14190,14190,18,2,0,2,0,0.6666666666666666,0.0
14200,14200,18,2,0,3,0,9.333333333333334,0.0
14210,14210,17,2,2,3,0,19.333333333333332,0.0
14220,14220,16,3,2,4,1,10.5,7.0
14230,14230,15,2,0,2,0,0.0,0.0
14240,14240,14,2,0,2,0,10.0,0.0
14250,14250,12,2,0,3,0,10.0,0.0
14260,14260,12,2,0,3,0,23.333333333333332,0.0
14270,14270,11,2,0,3,0,2.0,0.0
14280,14280,10,2,0,3,0,4.0,0.0
14290,14290,9,0,0,0,0,0.0,0.0
14300,14300,28,0,2,0,0,0.0,0.0
14310,14310,26,2,2,0,0,0.0,0.0
14320,14320,24,2,0,0,0,0.0,0.0
14330,14330,23,2,0,0,0,0.0,0.0
14340,14340,21,0,0,0,0,0.0,0.0
14350,14350,19,0,0,1,0,3.0,0.0
14360,14360,18,2,1,0,0,0.0,0.0
14370,14370,18,2,0,1,0,2.0,0.0
14380,14380,18,0,0,0,0,0.0,0.0
14390,14390,15,0,0,0,0,0.0,0.0
14400,14400,14,0,0,0,0,0.0,0.0
14410,14410,14,0,0,0,0,0.0,0.0
14420,14420,12,1,0,0,0,0.0,0.0
14430,14430,10,0,0,0,0,0.0,0.0
14440,14440,9,0,0,0,0,0.0,0.0
14450,14450,9,0,1,0,0,0.0,0.0
14460,14460,8,0,2,0,0,0.0,0.0
14470,14470,7,0,0,1,0,1.0,0.0
14480,14480,5,0,0,0,0,0.0,0.0
14490,14490,5,0,0,0,0,0.0,0.0
14500,14500,5,0,0,0,0,0.0,0.0
14510,14510,24,2,1,0,0,0.0,0.0
14520,14520,24,2,2,1,0,0.25,0.0
14530,14530,24,0,0,0,0,0.0,0.0
14540,14540,23,0,0,1,0,0.5,0.0
14550,14550,20,2,0,1,0,5.0,0.0
14560,14560,18,2,0,2,0,10.5,0.0
14570,14570,18,0,1,0,0,0.0,0.0
14580,14580,17,0,2,0,0,0.0,0.0
14590,14590,16,2,0,0,0,0.0,0.0
14600,14600,15,2,0,1,0,0.0,0.0
14610,14610,15,2,0,0,0,0.0,0.0
14620,14620,14,0,0,0,0,0.0,0.0
14630,14630,12,0,1,2,0,6.0,0.0
14640,14640,11,2,0,0,0,0.0,0.0
14650,14650,11,2,0,0,0,0.0,0.0
14660,14660,9,0,0,0,0,0.0,0.0
14670,14670,7,0,0,1,0,8.0,0.0
14680,14680,7,2,1,1,1,3.0,0.0
14690,14690,7,2,0,1,0,13.0,0.0
14700,14700,4,0,0,0,0,0.0,0.0
14710,14710,3,0,0,0,0,0.0,0.0
14720,14720,24,2,0,0,0,0.0,0.0
14730,14730,24,2,0,0,1,0.0,0.0
14740,14740,24,0,0,1,0,5.0,0.0
14750,14750,23,0,0,0,0,0.0,0.0
14760,14760,21,0,0,0,0,0.0,0.0
14770,14770,21,0,1,0,0,0.0,0.0
14780,14780,19,1,2,0,0,0.0,0.0
14790,14790,17,0,0,0,0,0.0,0.0
14800,14800,15,0,0,0,0,0.0,0.0
14810,14810,15,2,0,0,0,0.0,0.0
14820,14820,13,2,0,1,0,7.0,0.0
14830,14830,13,0,2,0,0,0.0,0.0
14840,14840,12,0,2,0,0,0.0,0.0
14850,14850,12,2,0,1,0,1.0,0.0
14860,14860,11,2,0,0,0,0.0,0.0
14870,14870,10,2,0,0,0,0.0,0.0
14880,14880,10,2,0,0,0,0.0,0.0
14890,14890,9,3,2,0,0,0.0,0.0
14900,14900,7,0,2,1,0,0.6666666666666666,0.0
14910,14910,6,2,2,0,0,0.0,0.0
14920,14920,5,2,0,0,0,0.0,0.0
14930,14930,26,0,0,1,0,6.0,0.0
14940,14940,26,0,0,1,0,5.0,0.0
14950,14950,23,0,0,0,0,0.0,0.0
14960,14960,21,0,1,0,0,0.0,0.0
14970,14970,20,1,2,0,0,0.0,0.0
14980,14980,20,0,0,0,0,0.0,0.0
14990,14990,20,0,0,1,0,3.0,0.0
15000,15000,20,2,0,0,0,0.0,0.0
15010,15010,19,2,0,1,0,7.0,0.0
15020,15020,19,0,0,1,0,0.6666666666666666,0.0
15030,15030,18,0,0,0,0,0.0,0.0
15040,15040,16,2,0,0,0,0.0,0.0
15050,15050,14,2,0,2,0,4.5,0.0
15060,15060,11,0,1,0,0,0.0,0.0
15070,15070,9,0,2,0,0,0.0,0.0
15080,15080,9,2,2,0,0,0.0,0.0
15090,15090,9,2,0,1,0,3.0,0.0
15100,15100,9,0,0,0,0,0.0,0.0
15110,15110,8,0,0,0,0,0.0,0.0
15120,15120,6,2,0,1,0,9.0,0.0
15130,15130,6,2,1,0,0,0.0,0.0
15140,15140,26,0,0,0,0,0.0,0.0
15150,15150,24,0,0,0,1,0.0,10.0
15160,15160,23,0,2,0,1,0.0,20.0
15170,15170,21,0,2,0,0,0.0,0.0
15180,15180,20,1,2,0,0,0.0,0.0
15190,15190,20,0,0,0,0,0.0,0.0
15200,15200,19,0,0,3,0,8.666666666666666,0.0
15210,15210,19,2,0,0,0,0.0,0.0
15220,15220,18,2,0,0,0,0.0,0.0
15230,15230,16,0,1,0,0,0.0,0.0
15240,15240,12,0,0,0,0,0.0,0.0
15250,15250,12,0,0,0,0,0.0,0.0
15260,15260,12,0,0,0,0,0.0,0.0
15270,15270,12,1,0,0,0,0.0,0.0
15280,15280,11,0,2,0,0,0.0,0.0
15290,15290,10,0,2,0,0,0.0,0.0
15300,15300,8,0,2,0,0,0.0,0.0
15310,15310,5,0,2,0,0,0.0,0.0
15320,15320,4,1,3,0,0,0.0,0.0
15330,15330,4,2,2,0,0,0.0,0.0
15340,15340,4,2,2,0,0,0.0,0.0
15350,15350,25,0,0,0,0,0.0,0.0
15360,15360,25,0,0,0,0,0.0,0.0
15370,15370,23,0,0,0,0,0.0,0.0
15380,15380,22,2,0,0,0,0.0,0.0
15390,15390,20,2,2,0,0,0.0,0.0
15400,15400,20,0,2,1,0,0.0,0.0
15410,15410,18,0,2,0,0,0.0,0.0
15420,15420,18,0,0,0,0,0.0,0.0
15430,15430,17,0,0,0,0,0.0,0.0
15440,15440,16,2,0,0,0,0.0,0.0
15450,15450,16,2,0,1,0,2.5,0.0
15460,15460,15,0,1,1,0,0.4444444444444444,0.0
15470,15470,15,0,0,1,0,8.0,0.0
15480,15480,15,2,0,0,0,0.0,0.0
15490,15490,14,2,0,0,0,0.0,0.0
15500,15500,13,0,0,1,0,0.2857142857142857,0.0
15510,15510,9,0,1,1,0,12.0,0.0
15520,15520,9,2,2,0,0,0.0,0.0
15530,15530,8,2,0,5,0,0.8,0.0
15540,15540,7,0,0,0,0,0.0,0.0
15550,15550,6,0,0,0,0,0.0,0.0
15560,15560,26,2,0,1,0,0.0,0.0
15570,15570,25,2,1,5,0,2.6,0.0
15580,15580,24,0,2,0,0,0.0,0.0
15590,15590,21,0,2,0,0,0.0,0.0
15600,15600,20,2,0,0,0,0.0,0.0
15610,15610,19,2,0,1,0,6.0,0.0
15620,15620,19,0,2,0,0,0.0,0.0
15630,15630,18,0,2,1,0,5.0,0.0
15640,15640,17,2,0,0,1,0.0,7.0
15650,15650,17,2,0,0,0,0.0,0.0
15660,15660,17,2,0,0,0,0.0,0.0
15670,15670,16,0,0,0,0,0.0,0.0
15680,15680,15,0,1,0,0,0.0,0.0
15690,15690,14,2,0,0,1,0.0,1.0
15700,15700,14,2,0,1,1,2.5,13.0
15710,15710,13,0,2,1,0,15.0,0.0
15720,15720,11,0,2,0,1,0.0,2.0
15730,15730,9,2,0,0,0,0.0,0.0
15740,15740,8,2,0,1,0,4.0,0.0
15750,15750,7,0,0,2,0,8.5,0.0
15760,15760,4,0,0,1,0,5.0,0.0
15770,15770,23,2,1,1,0,15.0,0.0
15780,15780,23,2,0,0,0,0.0,0.0
15790,15790,22,0,0,1,0,2.0,0.0
15800,15800,21,0,0,0,0,0.0,0.0
15810,15810,20,2,0,0,0,0.0,0.0
15820,15820,19,2,1,0,1,0.0,0.0
15830,15830,18,2,0,0,0,0.0,0.0
15840,15840,18,2,0,0,0,0.0,0.0
15850,15850,18,3,0,0,0,0.0,0.0
15860,15860,18,0,0,0,0,0.0,0.0
15870,15870,16,2,2,0,0,0.0,0.0
15880,15880,14,2,2,1,0,1.0,0.0
15890,15890,11,0,2,0,0,0.0,0.0
15900,15900,10,0,2,0,0,0.0,0.0
15910,15910,9,2,3,0,0,0.0,0.0
15920,15920,8,2,2,0,0,0.0,0.0
15930,15930,8,0,2,1,0,7.0,0.0
15940,15940,8,0,0,0,0,0.0,0.0
15950,15950,8,0,0,0,0,0.0,0.0
15960,15960,7,0,0,0,0,0.0,0.0
15970,15970,4,1,0,0,0,0.0,0.0
15980,15980,23,2,1,0,0,0.0,0.0
15990,15990,23,2,2,0,0,0.0,0.0
16000,16000,23,0,2,0,0,0.0,0.0
16010,16010,22,0,2,0,0,0.0,0.0
16020,16020,22,2,2,1,0,4.0,0.0
16030,16030,20,2,2,1,0,4.0,0.0
16040,16040,19,2,2,1,0,14.0,0.0
16050,16050,19,2,0,1,0,6.0,0.0
16060,16060,18,3,0,2,0,20.5,0.0
16070,16070,17,2,0,1,0,1.0,0.0
16080,16080,17,2,0,2,0,6.0,0.0
16090,16090,17,0,1,4,0,0.625,0.0
16100,16100,15,0,2,0,0,0.0,0.0
16110,16110,15,2,2,1,0,0.6666666666666666,0.0
16120,16120,12,2,0,1,0,9.0,0.0
16130,16130,11,0,0,0,0,0.0,0.0
16140,16140,10,0,0,0,0,0.0,0.0
16150,16150,9,2,0,0,0,0.0,0.0
16160,16160,7,2,2,2,0,0.4,0.0
16170,16170,6,0,2,0,0,0.0,0.0
16180,16180,3,0,2,0,0,0.0,0.0
16190,16190,23,0,2,0,0,0.0,0.0
16200,16200,23,0,3,0,0,0.0,0.0
16210,16210,23,2,2,0,1,0.0,4.0
16220,16220,23,2,2,0,1,0.0,14.0
16230,16230,22,0,0,0,0,0.0,0.0
16240,16240,22,0,0,0,0,0.0,0.0
16250,16250,20,0,0,0,0,0.0,0.0
16260,16260,17,0,0,0,0,0.0,0.0
16270,16270,17,2,0,0,1,0.0,2.0
16280,16280,16,0,0,0,0,0.0,0.0
16290,16290,15,0,0,2,0,3.0,0.0
16300,16300,12,2,0,0,0,0.0,0.0
16310,16310,12,2,1,0,0,0.0,0.0
16320,16320,12,0,0,0,0,0.0,0.0
16330,16330,11,0,0,0,0,0.0,0.0
16340,16340,9,0,0,0,0,0.0,0.0
16350,16350,8,0,0,0,0,0.0,0.0
16360,16360,6,1,1,0,0,0.0,0.0
16370,16370,5,0,2,0,0,0.0,0.0
16380,16380,4,0,2,0,0,0.0,0.0
16390,16390,4,2,0,0,0,0.0,0.0
16400,16400,23,2,0,0,0,0.0,0.0
16410,16410,23,0,0,1,0,0.0,0.0
16420,16420,22,0,0,0,0,0.0,0.0
16430,16430,21,2,1,0,0,0.0,0.0
16440,16440,20,2,0,0,0,0.0,0.0
16450,16450,20,2,0,0,0,0.0,0.0
16460,16460,20,2,0,0,0,0.0,0.0
16470,16470,20,0,0,0,0,0.0,0.0
16480,16480,17,0,1,0,0,0.0,0.0
16490,16490,16,0,2,0,0,0.0,0.0
16500,16500,15,2,2,0,0,0.0,0.0
16510,16510,15,2,0,0,0,0.0,0.0
16520,16520,13,2,0,0,0,0.0,0.0
16530,16530,11,0,0,0,0,0.0,0.0
16540,16540,9,0,0,0,0,0.0,0.0
16550,16550,8,2,2,0,0,0.0,0.0
16560,16560,8,2,2,1,0,3.0,0.0
16570,16570,8,0,2,0,0,0.0,0.0
16580,16580,6,0,2,0,0,0.0,0.0
16590,16590,4,0,0,0,0,0.0,0.0
16600,16600,4,2,0,0,0,0.0,0.0
16610,16610,24,2,0,0,0,0.0,0.0
16620,16620,23,2,0,0,0,0.0,0.0
16630,16630,22,0,0,0,0,0.0,0.0
16640,16640,21,0,0,0,0,0.0,0.0
16650,16650,21,2,0,1,0,6.0,0.0
16660,16660,21,2,0,1,0,1.0,0.0
16670,16670,19,0,1,0,0,0.0,0.0
16680,16680,15,0,2,0,0,0.0,0.0
16690,16690,14,0,0,0,0,0.0,0.0
16700,16700,14,0,0,0,0,0.0,0.0
16710,16710,13,2,0,0,0,0.0,0.0
16720,16720,12,0,0,0,0,0.0,0.0
16730,16730,11,0,1,0,0,0.0,0.0
16740,16740,9,2,2,1,0,2.0,0.0
16750,16750,9,2,2,0,0,0.0,0.0
16760,16760,8,0,2,0,0,0.0,0.0
16770,16770,8,0,2,0,0,0.0,0.0
16780,16780,6,0,3,0,0,0.0,0.0
16790,16790,5,2,2,0,0,0.0,0.0
16800,16800,5,2,2,0,0,0.0,0.0
16810,16810,5,2,0,0,0,0.0,0.0
16820,16820,23,0,0,1,0,4.0,0.0
16830,16830,23,0,0,1,0,14.0,0.0
16840,16840,22,2,0,0,0,0.0,0.0
16850,16850,22,2,2,1,0,0.0,0.0
16860,16860,21,2,2,2,0,3.0,0.0
16870,16870,21,2,2,2,0,13.0,0.0
16880,16880,21,3,2,2,0,2.6666666666666665,0.0
16890,16890,21,2,3,4,0,0.25,0.0
16900,16900,21,2,2,4,1,10.0,0.0
16910,16910,21,2,2,4,2,20.0,5.0
16920,16920,20,2,0,5,0,20.333333333333332,0.0
16930,16930,20,2,0,3,0,2.4,0.0
16940,16940,19,2,0,3,0,2.0,0.0
16950,16950,14,2,0,4,0,8.5,0.0
16960,16960,14,2,2,5,0,15.4,0.0
16970,16970,13,0,0,2,0,0.5714285714285714,0.0
16980,16980,11,0,0,1,0,3.5,0.0
16990,16990,9,2,0,1,0,0.0,0.0
17000,17000,9,2,0,4,0,6.75,0.0
17010,17010,7,0,2,3,0,0.0,0.0
17020,17020,6,0,0,1,0,3.0,0.0
17030,17030,26,2,0,0,0,0.0,0.0
17040,17040,25,2,0,1,0,2.0,0.0
17050,17050,24,0,0,2,0,0.0,0.0
17060,17060,24,0,1,1,0,3.3333333333333335,0.0
17070,17070,24,2,0,0,0,0.0,0.0
17080,17080,21,2,0,0,0,0.0,0.0
17090,17090,19,2,0,0,0,0.0,0.0
17100,17100,18,2,0,1,0,6.0,0.0
17110,17110,18,2,1,0,0,0.0,0.0
17120,17120,17,2,2,0,0,0.0,0.0
17130,17130,17,0,2,2,0,0.0,0.0
17140,17140,15,0,0,0,0,0.0,0.0
17150,17150,15,0,0,0,0,0.0,0.0
17160,17160,14,0,0,0,0,0.0,0.0
17170,17170,12,1,0,0,0,0.0,0.0
17180,17180,9,2,0,0,0,0.0,0.0
17190,17190,9,2,0,2,0,5.5,0.0
17200,17200,9,0,0,1,0,0.5,0.0
17210,17210,8,0,0,1,0,12.0,0.0
17220,17220,8,2,1,0,0,0.0,0.0
17230,17230,7,2,0,0,0,0.0,0.0
17240,17240,24,0,0,0,0,0.0,0.0
17250,17250,23,0,0,0,0,0.0,0.0
17260,17260,23,0,0,0,0,0.0,0.0
17270,17270,22,2,0,0,1,0.0,4.0
17280,17280,22,2,0,2,0,1.0,0.0
17290,17290,20,2,0,0,0,0.0,0.0
17300,17300,19,0,0,0,0,0.0,0.0
17310,17310,18,0,1,0,0,0.0,0.0
17320,17320,18,0,0,0,0,0.0,0.0
17330,17330,16,0,0,0,0,0.0,0.0
17340,17340,14,2,0,0,0,0.0,0.0
17350,17350,13,2,0,0,0,0.0,0.0
17360,17360,12,0,1,0,1,0.0,0.0
17370,17370,12,0,0,0,0,0.0,0.0
17380,17380,11,2,0,0,0,0.0,0.0
17390,17390,8,2,0,0,0,0.0,0.0
17400,17400,8,0,0,0,0,0.0,0.0
17410,17410,7,0,0,0,0,0.0,0.0
17420,17420,6,0,0,0,0,0.0,0.0
17430,17430,5,0,0,0,0,0.0,0.0
17440,17440,3,1,0,0,0,0.0,0.0
17450,17450,24,0,1,0,0,0.0,0.0
17460,17460,23,0,0,1,0,8.0,0.0
17470,17470,22,2,0,0,0,0.0,0.0
17480,17480,21,2,0,1,0,6.0,0.0
17490,17490,21,0,0,0,0,0.0,0.0
17500,17500,21,0,1,2,0,9.0,0.0
17510,17510,19,2,0,0,0,0.0,0.0
17520,17520,18,2,0,0,0,0.0,0.0
17530,17530,15,2,2,0,0,0.0,0.0
17540,17540,13,0,2,0,0,0.0,0.0
17550,17550,13,0,2,0,0,0.0,0.0
17560,17560,13,0,0,0,0,0.0,0.0
17570,17570,11,0,0,0,0,0.0,0.0
17580,17580,10,0,0,0,0,0.0,0.0
17590,17590,8,0,0,1,0,6.0,0.0
17600,17600,8,2,2,0,0,0.0,0.0
17610,17610,8,2,2,1,0,4.0,0.0
17620,17620,8,0,2,0,0,0.0,0.0
17630,17630,7,0,0,0,0,0.0,0.0
17640,17640,5,2,0,1,0,3.0,0.0
17650,17650,4,2,0,0,0,0.0,0.0
17660,17660,25,2,0,0,0,0.0,0.0
17670,17670,23,0,0,0,0,0.0,0.0
17680,17680,22,0,0,0,0,0.0,0.0
17690,17690,22,0,0,0,0,0.0,0.0
17700,17700,22,0,2,2,0,0.3333333333333333,0.0
17710,17710,22,0,2,2,0,5.25,0.0
17720,17720,21,0,2,3,0,16.333333333333332,0.0
17730,17730,20,0,0,3,0,13.166666666666666,0.0
17740,17740,20,0,0,4,0,28.75,0.0
17750,17750,18,1,0,4,0,38.75,0.0
17760,17760,18,0,0,6,0,34.166666666666664,0.0
17770,17770,18,0,2,6,0,44.166666666666664,0.0
17780,17780,17,0,2,6,0,29.545454545454547,0.0
17790,17790,16,0,2,6,0,48.125,0.0
17800,17800,15,1,2,7,0,64.57142857142857,0.0
17810,17810,15,0,0,7,0,72.85714285714286,0.0
17820,17820,15,0,0,7,0,82.85714285714286,0.0
17830,17830,15,0,0,8,0,59.63636363636363,0.0
17840,17840,14,0,0,12,0,63.0,0.0
17850,17850,14,0,1,12,0,67.38461538461539,0.0
17860,17860,13,0,0,15,0,67.6,0.0
17870,17870,33,0,0,15,0,77.6,0.0
17880,17880,33,0,0,15,0,87.6,0.0
17890,17890,33,1,0,17,0,86.17647058823529,0.0
17900,17900,33,0,2,18,0,86.3157894736842,0.0
17910,17910,33,0,2,19,0,96.10526315789474,0.0
17920,17920,33,0,2,19,0,105.6842105263158,0.0
17930,17930,33,0,2,20,0,110.2,0.0
17940,17940,33,0,3,20,0,109.27272727272727,0.0
17950,17950,32,0,0,22,0,119.18181818181819,0.0
17960,17960,31,0,0,22,0,129.1818181818182,0.0
17970,17970,31,0,0,22,0,139.1818181818182,0.0
17980,17980,31,1,0,22,0,149.1818181818182,0.0
17990,17990,31,0,0,20,0,148.0,0.0
18000,18000,31,0,0,20,0,180.2,0.0
18010,18010,31,0,0,20,0,190.2,0.0
18020,18020,31,0,2,20,0,190.66666666666666,0.0
18030,18030,31,1,2,21,0,200.52380952380952,0.0
18040,18040,31,0,2,21,0,210.52380952380952,0.0
18050,18050,31,0,2,21,0,220.52380952380952,0.0
18060,18060,30,0,0,21,0,230.52380952380952,0.0
18070,18070,30,0,0,21,0,240.52380952380952,0.0
18080,18080,51,0,0,22,0,239.4090909090909,0.0
18090,18090,51,0,0,22,0,249.4090909090909,0.0
18100,18100,51,0,1,22,0,259.40909090909093,0.0
18110,18110,51,0,0,24,0,247.70833333333334,0.0
18120,18120,51,1,0,24,0,257.7083333333333,0.0
18130,18130,51,0,0,23,0,276.95652173913044,0.0
18140,18140,51,0,0,23,0,286.95652173913044,0.0
18150,18150,51,0,1,23,0,296.95652173913044,0.0
18160,18160,51,0,0,23,0,306.95652173913044,0.0
18170,18170,51,0,0,23,0,316.95652173913044,0.0
18180,18180,50,0,0,23,0,326.95652173913044,0.0
18190,18190,50,0,0,23,0,336.95652173913044,0.0
18200,18200,50,0,0,23,0,346.95652173913044,0.0
18210,18210,50,1,0,25,0,328.8,0.0
18220,18220,50,0,0,25,0,338.8,0.0
18230,18230,50,0,0,25,0,348.8,0.0
18240,18240,50,0,1,25,0,358.8,0.0
18250,18250,50,0,2,25,0,368.8,0.0
18260,18260,50,1,0,25,0,378.8,0.0
18270,18270,49,0,0,25,0,388.8,0.0
18280,18280,49,0,0,25,0,398.8,0.0
18290,18290,70,0,0,25,0,408.8,0.0
18300,18300,70,0,2,25,0,418.8,0.0
18310,18310,70,0,0,25,0,428.8,0.0
18320,18320,70,0,0,25,0,438.8,0.0
18330,18330,70,0,0,25,0,448.8,0.0
18340,18340,70,0,0,25,0,458.8,0.0
18350,18350,70,1,1,25,0,468.8,0.0
18360,18360,70,0,2,25,0,478.8,0.0
18370,18370,70,0,2,25,0,488.8,0.0
18380,18380,70,0,0,25,0,498.8,0.0
18390,18390,70,0,0,25,0,508.8,0.0
18400,18400,70,0,0,25,0,518.8,0.0
18410,18410,70,0,0,25,0,528.8,0.0
18420,18420,70,0,2,25,0,518.0769230769231,0.0
18430,18430,70,0,2,26,0,527.9230769230769,0.0
18440,18440,70,1,2,26,0,537.9230769230769,0.0
18450,18450,70,0,2,25,0,546.9230769230769,0.0
18460,18460,70,0,0,27,0,536.3703703703703,0.0
18470,18470,70,0,0,27,0,546.3703703703703,0.0
18480,18480,70,0,0,27,0,556.3703703703703,0.0
18490,18490,70,1,0,27,0,566.3703703703703,0.0
18500,18500,91,0,2,28,0,555.8214285714286,0.0
18510,18510,91,0,2,28,0,565.8214285714286,0.0
18520,18520,91,0,2,28,0,555.9655172413793,0.0
18530,18530,91,0,2,29,0,565.8275862068965,0.0
18540,18540,91,0,3,29,0,575.8275862068965,0.0
18550,18550,91,0,2,29,0,585.8275862068965,0.0
18560,18560,91,0,2,29,2,595.8275862068965,2.5
18570,18570,91,0,0,29,1,605.8275862068965,4.0
18580,18580,91,1,0,29,2,615.8275862068965,15.0
18590,18590,90,0,0,29,2,625.8275862068965,25.0
18600,18600,90,0,0,29,2,635.8275862068965,35.0
18610,18610,90,0,0,29,2,645.8275862068965,45.0
18620,18620,90,0,0,29,3,655.8275862068965,37.0
18630,18630,90,0,0,29,3,665.8275862068965,47.0
18640,18640,90,0,0,29,3,675.8275862068965,57.0
18650,18650,90,0,1,29,3,685.8275862068965,50.25
18660,18660,90,0,0,29,3,695.8275862068965,57.75
18670,18670,90,1,0,29,4,705.8275862068965,67.0
18680,18680,90,0,0,29,4,715.8275862068965,77.0
18690,18690,90,0,0,29,4,725.8275862068965,87.0
18700,18700,90,0,1,29,4,735.8275862068965,97.0
18710,18710,111,0,0,29,4,745.8275862068965,107.0
18720,18720,111,1,0,29,4,755.8275862068965,117.0
18730,18730,111,0,0,30,4,740.4,127.0
18740,18740,111,0,0,30,4,750.4,137.0
18750,18750,111,0,0,30,4,760.4,117.6
18760,18760,111,0,0,30,4,770.4,157.0
18770,18770,111,0,0,30,4,780.4,133.6
18780,18780,111,0,0,30,4,790.4,177.0
18790,18790,111,0,1,30,4,800.4,149.6
18800,18800,111,0,0,30,4,810.4,157.6
18810,18810,110,1,0,30,4,820.4,207.0
18820,18820,110,0,0,30,4,830.4,173.6
18830,18830,110,0,0,30,4,840.4,181.6
18840,18840,109,0,0,30,5,850.4,190.4
18850,18850,109,0,0,30,4,860.4,247.0
18860,18860,109,0,0,31,4,842.483870967742,257.0
18870,18870,109,0,0,31,4,852.483870967742,213.6
18880,18880,109,0,1,31,4,862.483870967742,277.0
18890,18890,108,0,0,31,4,871.3548387096774,229.6
18900,18900,108,1,0,31,4,881.2903225806451,297.0
18910,18910,108,0,0,31,4,891.2903225806451,245.6
18920,18920,129,0,0,31,5,901.2903225806451,254.2
18930,18930,129,0,1,31,5,911.2903225806451,264.2
18940,18940,129,0,0,31,5,921.2903225806451,274.2
18950,18950,129,1,0,31,5,931.2903225806451,284.2
18960,18960,129,0,0,31,5,941.2903225806451,245.16666666666666
18970,18970,128,0,0,31,5,951.2903225806451,304.2
18980,18980,128,0,0,31,5,961.2903225806451,314.2
18990,18990,128,0,0,31,5,971.2903225806451,324.2
19000,19000,128,0,0,31,5,981.2903225806451,334.2
19010,19010,128,0,0,31,5,991.2903225806451,286.8333333333333
19020,19020,128,0,1,31,5,1001.2903225806451,295.1666666666667
19030,19030,128,0,0,31,5,1011.2903225806451,364.2
19040,19040,128,1,0,31,5,1021.2903225806451,374.2
19050,19050,128,0,0,31,5,1031.2903225806451,320.1666666666667
19060,19060,128,0,0,31,6,1041.2903225806451,329.6666666666667
19070,19070,128,0,0,31,5,1051.2903225806451,404.2
19080,19080,128,0,0,31,5,1061.2903225806451,345.1666666666667
19090,19090,128,0,0,31,5,1071.2903225806451,424.2
19100,19100,128,0,0,31,5,1081.2903225806451,434.2
19110,19110,128,0,1,31,5,1057.1875,444.2
19120,19120,128,0,0,32,5,1067.125,378.5
19130,19130,149,1,0,32,5,1077.125,464.2
19140,19140,149,0,0,32,5,1087.125,395.1666666666667
19150,19150,148,0,0,32,5,1097.125,484.2
19160,19160,148,0,1,32,5,1107.125,494.2
19170,19170,148,0,0,32,5,1117.125,504.2
19180,19180,148,1,0,32,5,1127.125,428.5
19190,19190,148,0,0,32,5,1137.125,524.2
19200,19200,148,0,0,32,5,1147.125,445.1666666666667
19210,19210,148,0,0,32,5,1157.125,453.5
19220,19220,148,0,0,34,5,1098.8235294117646,554.2
19230,19230,148,0,0,34,5,1108.8235294117646,564.2
19240,19240,148,0,0,34,5,1118.8235294117646,574.2
19250,19250,148,0,1,34,5,1128.8235294117646,584.2
19260,19260,148,0,0,34,5,1138.8235294117646,594.2
19270,19270,148,1,0,34,5,1148.8235294117646,604.2
19280,19280,148,0,0,34,5,1158.8235294117646,614.2
19290,19290,148,0,0,34,5,1168.8235294117646,624.2
19300,19300,148,0,0,34,5,1178.8235294117646,634.2
19310,19310,148,0,0,34,5,1188.8235294117646,536.8333333333334
19320,19320,148,0,0,34,5,1198.8235294117646,654.2
19330,19330,148,0,0,34,5,1208.8235294117646,664.2
19340,19340,169,0,1,34,5,1218.8235294117646,674.2
19350,19350,169,0,0,34,5,1228.8235294117646,684.2
19360,19360,169,1,0,34,5,1238.8235294117646,694.2
19370,19370,169,0,0,34,5,1248.8235294117646,704.2
19380,19380,169,0,0,34,5,1258.8235294117646,714.2
19390,19390,169,0,1,34,5,1268.8235294117646,724.2
19400,19400,169,0,0,34,5,1278.8235294117646,734.2
19410,19410,169,1,0,34,5,1288.8235294117646,744.2
19420,19420,169,0,0,34,6,1298.8235294117646,539.2857142857143
19430,19430,168,0,0,34,6,1308.8235294117646,547.8571428571429
19440,19440,168,0,0,34,6,1318.8235294117646,556.4285714285714
19450,19450,168,0,0,34,6,1328.8235294117646,659.1666666666666
19460,19460,168,0,0,34,6,1338.8235294117646,573.5714285714286
19470,19470,167,0,0,34,6,1348.8235294117646,679.1666666666666
19480,19480,167,0,1,34,6,1358.8235294117646,689.1666666666666
19490,19490,167,0,0,34,6,1368.8235294117646,699.1666666666666
19500,19500,167,1,0,34,6,1378.8235294117646,709.1666666666666
19510,19510,167,0,0,34,6,1388.8235294117646,719.1666666666666
19520,19520,167,0,0,34,6,1398.8235294117646,625.0
19530,19530,167,0,0,34,7,1408.8235294117646,634.7142857142857
19540,19540,167,0,0,34,7,1418.8235294117646,644.7142857142857
19550,19550,188,0,0,34,7,1428.8235294117646,654.7142857142857
19560,19560,188,0,0,34,7,1438.8235294117646,664.7142857142857
19570,19570,188,0,1,34,7,1448.8235294117646,590.375
19580,19580,188,0,0,34,7,1458.8235294117646,684.7142857142857
19590,19590,188,1,0,34,7,1468.8235294117646,694.7142857142857
19600,19600,187,0,0,34,7,1478.8235294117646,704.7142857142857
19610,19610,187,0,0,34,7,1488.8235294117646,625.375
19620,19620,187,0,1,34,7,1498.8235294117646,724.7142857142857
19630,19630,187,0,0,34,7,1508.8235294117646,734.7142857142857
19640,19640,187,1,0,34,7,1518.8235294117646,744.7142857142857
19650,19650,187,0,0,34,7,1528.8235294117646,754.7142857142857
19660,19660,187,0,0,34,7,1538.8235294117646,764.7142857142857
19670,19670,187,0,0,35,7,1504.7714285714285,774.7142857142857
19680,19680,187,0,0,35,8,1514.7714285714285,687.0
19690,19690,187,0,0,35,8,1524.7714285714285,697.0
19700,19700,187,0,0,35,8,1534.7714285714285,707.0
19710,19710,187,0,1,35,8,1544.7714285714285,637.3333333333334
19720,19720,186,0,0,35,8,1554.7714285714285,727.0
19730,19730,186,1,0,35,8,1564.7714285714285,737.0
19740,19740,186,0,0,35,8,1574.7714285714285,747.0
19750,19750,186,0,0,35,8,1584.7714285714285,757.0
19760,19760,207,0,0,35,8,1594.7714285714285,767.0
19770,19770,206,0,0,35,8,1604.7714285714285,777.0
19780,19780,206,0,0,35,8,1614.7714285714285,699.5555555555555
19790,19790,206,0,0,35,8,1624.7714285714285,797.0
19800,19800,206,0,1,35,8,1634.7714285714285,807.0
19810,19810,206,0,0,35,8,1644.7714285714285,817.0
19820,19820,206,1,0,35,8,1654.7714285714285,827.0
19830,19830,206,0,0,35,8,1664.7714285714285,744.0
19840,19840,206,0,0,35,8,1674.7714285714285,847.0
19850,19850,206,0,1,35,8,1684.7714285714285,761.7777777777778
19860,19860,206,0,0,35,8,1694.7714285714285,867.0
19870,19870,206,1,0,35,8,1704.7714285714285,877.0
19880,19880,206,0,0,35,8,1714.7714285714285,887.0
19890,19890,206,0,0,35,8,1724.7714285714285,897.0
19900,19900,206,0,0,35,8,1734.7714285714285,806.2222222222222
19910,19910,206,0,0,35,8,1744.7714285714285,815.1111111111111
19920,19920,206,0,0,35,9,1754.7714285714285,824.8888888888889
19930,19930,206,0,0,35,9,1764.7714285714285,834.8888888888889
19940,19940,206,0,1,35,9,1774.7714285714285,844.8888888888889
19950,19950,206,0,0,35,9,1784.7714285714285,854.8888888888889
19960,19960,206,1,0,35,9,1794.7714285714285,864.8888888888889
19970,19970,227,0,0,35,9,1804.7714285714285,874.8888888888889
19980,19980,227,0,0,35,9,1814.7714285714285,884.8888888888889
19990,19990,227,0,0,35,9,1824.7714285714285,894.8888888888889
20000,20000,227,0,0,35,9,1834.7714285714285,904.8888888888889
20010,20010,227,0,0,35,9,1844.7714285714285,914.8888888888889
20020,20020,227,0,0,35,9,1854.7714285714285,924.8888888888889
20030,20030,227,0,1,35,9,1864.7714285714285,934.8888888888889
20040,20040,227,0,0,35,9,1874.7714285714285,944.8888888888889
20050,20050,227,1,0,35,9,1884.7714285714285,954.8888888888889
20060,20060,227,0,0,35,9,1894.7714285714285,964.8888888888889
20070,20070,227,0,0,35,9,1904.7714285714285,974.8888888888889
20080,20080,227,0,1,35,9,1914.7714285714285,984.8888888888889
20090,20090,227,0,0,35,9,1924.7714285714285,994.8888888888889
20100,20100,227,1,0,35,9,1934.7714285714285,1004.8888888888889
20110,20110,227,0,0,35,9,1944.7714285714285,1014.8888888888889
20120,20120,227,0,0,35,9,1954.7714285714285,1024.888888888889
20130,20130,227,0,0,35,9,1964.7714285714285,1034.888888888889
20140,20140,227,0,0,35,9,1974.7714285714285,940.4
20150,20150,227,0,0,35,10,1984.7714285714285,949.6
20160,20160,227,0,0,35,10,1994.7714285714285,959.6
20170,20170,227,0,1,35,10,2004.7714285714285,969.6
20180,20180,248,0,0,35,10,2014.7714285714285,890.5454545454545
20190,20190,248,1,0,35,11,2024.7714285714285,899.8181818181819
20200,20200,248,0,0,35,11,2034.7714285714285,909.8181818181819
20210,20210,248,0,0,35,11,2044.7714285714285,919.8181818181819
20220,20220,248,0,0,35,11,2054.7714285714287,929.8181818181819
20230,20230,248,0,0,35,11,2064.7714285714287,861.5
20240,20240,248,0,0,35,12,2074.7714285714287,871.25
20250,20250,248,0,0,35,12,2084.7714285714287,813.4615384615385
20260,20260,248,0,1,35,12,2094.7714285714287,821.1538461538462
20270,20270,248,0,0,35,12,2104.7714285714287,899.5833333333334
20280,20280,248,1,0,35,12,2114.7714285714287,839.6153846153846
20290,20290,248,0,0,35,13,2124.7714285714287,849.5384615384615
20300,20300,248,0,0,35,13,2134.7714285714287,859.5384615384615
20310,20310,248,0,1,35,13,2144.7714285714287,867.4615384615385
20320,20320,248,0,0,35,13,2154.7714285714287,877.4615384615385
20330,20330,248,1,0,35,13,2164.7714285714287,887.4615384615385
20340,20340,248,0,0,35,13,2174.7714285714287,897.4615384615385
20350,20350,248,0,0,35,13,2184.7714285714287,907.4615384615385
20360,20360,248,0,0,35,13,2194.7714285714287,851.9285714285714
20370,20370,248,0,0,35,14,2204.7714285714287,861.6428571428571
20380,20380,248,0,0,35,14,2214.7714285714287,871.6428571428571
20390,20390,269,0,0,35,14,2224.7714285714287,881.6428571428571
20400,20400,269,0,1,35,14,2234.7714285714287,891.6428571428571
20410,20410,269,0,0,35,14,2244.7714285714287,901.6428571428571
20420,20420,269,1,0,35,14,2254.7714285714287,911.6428571428571
20430,20430,269,0,0,36,14,2201.9444444444443,921.6428571428571
20440,20440,269,0,0,36,14,2211.9444444444443,931.6428571428571
20450,20450,269,0,0,36,14,2221.9444444444443,941.6428571428571
20460,20460,269,0,0,36,16,2231.9444444444443,833.3125
20470,20470,269,0,0,36,17,2241.9444444444443,794.1176470588235
20480,20480,269,0,0,36,17,2251.9444444444443,804.1176470588235
20490,20490,269,0,1,36,17,2261.9444444444443,814.1176470588235
20500,20500,269,0,0,36,17,2271.9444444444443,824.1176470588235
20510,20510,269,1,0,36,17,2281.9444444444443,834.1176470588235
20520,20520,269,0,0,36,17,2291.9444444444443,844.1176470588235
20530,20530,269,0,0,36,17,2301.9444444444443,854.1176470588235
20540,20540,269,0,1,36,17,2311.9444444444443,864.1176470588235
20550,20550,269,0,0,36,17,2321.9444444444443,874.1176470588235
20560,20560,269,1,0,36,17,2331.9444444444443,884.1176470588235
20570,20570,269,0,0,36,17,2341.9444444444443,894.1176470588235
20580,20580,269,0,0,36,17,2351.9444444444443,904.1176470588235
20590,20590,269,0,0,36,17,2361.9444444444443,863.3333333333334
20600,20600,290,0,0,37,17,2308.0,924.1176470588235
20610,20610,290,0,0,37,17,2318.0,934.1176470588235
20620,20620,289,0,0,37,17,2328.0,944.1176470588235
20630,20630,289,0,1,37,17,2338.0,954.1176470588235
20640,20640,289,0,0,37,17,2348.0,964.1176470588235
20650,20650,289,1,0,37,17,2358.0,974.1176470588235
20660,20660,289,0,0,37,17,2368.0,984.1176470588235
20670,20670,289,0,0,37,17,2378.0,994.1176470588235
20680,20680,289,0,0,37,17,2388.0,1004.1176470588235
20690,20690,289,0,0,37,17,2398.0,1014.1176470588235
20700,20700,289,0,0,37,17,2408.0,1024.1176470588234
20710,20710,289,0,0,37,17,2418.0,1034.1176470588234
20720,20720,289,0,1,37,17,2428.0,1044.1176470588234
20730,20730,289,0,0,37,17,2438.0,1054.1176470588234
20740,20740,289,1,0,37,17,2448.0,1064.1176470588234
20750,20750,289,0,0,37,17,2458.0,1074.1176470588234
20760,20760,289,0,0,37,17,2468.0,1084.1176470588234
20770,20770,289,0,1,37,17,2478.0,1094.1176470588234
20780,20780,289,0,0,37,17,2488.0,1104.1176470588234
20790,20790,289,1,0,37,17,2498.0,1114.1176470588234
20800,20800,289,0,0,37,17,2508.0,1124.1176470588234
20810,20810,310,0,0,37,17,2518.0,1134.1176470588234
20820,20820,310,0,0,37,17,2528.0,1144.1176470588234
20830,20830,310,0,0,37,17,2538.0,1154.1176470588234
20840,20840,310,0,0,37,17,2548.0,1164.1176470588234
20850,20850,310,0,0,37,17,2558.0,1174.1176470588234
20860,20860,309,0,1,37,17,2568.0,1184.1176470588234
20870,20870,309,0,0,37,17,2578.0,1194.1176470588234
20880,20880,309,1,0,37,17,2588.0,1204.1176470588234
20890,20890,309,0,0,37,17,2598.0,1214.1176470588234
20900,20900,309,0,0,37,17,2608.0,1224.1176470588234
20910,20910,309,0,0,37,17,2618.0,1234.1176470588234
20920,20920,309,0,0,37,17,2628.0,1244.1176470588234
20930,20930,309,0,0,37,17,2638.0,1254.1176470588234
20940,20940,309,0,0,37,17,2648.0,1264.1176470588234
20950,20950,308,0,1,37,17,2658.0,1274.1176470588234
20960,20960,308,0,0,37,17,2668.0,1284.1176470588234
20970,20970,308,1,0,37,17,2678.0,1294.1176470588234
20980,20980,308,0,0,37,17,2688.0,1304.1176470588234
20990,20990,308,0,0,37,19,2698.0,1175.8947368421052
21000,21000,308,0,1,37,19,2708.0,1185.842105263158
21010,21010,308,0,0,37,19,2718.0,1195.842105263158
21020,21020,329,1,0,37,19,2728.0,1205.842105263158
21030,21030,329,0,0,37,20,2738.0,1155.35
21040,21040,329,0,0,37,20,2748.0,1109.857142857143
21050,21050,329,0,0,37,21,2758.0,1119.8095238095239
21060,21060,329,0,0,37,21,2768.0,1129.8095238095239
21070,21070,329,0,0,37,21,2778.0,1139.8095238095239
21080,21080,329,0,0,37,21,2788.0,1149.8095238095239
21090,21090,329,0,1,37,21,2798.0,1159.8095238095239
21100,21100,329,0,0,37,21,2808.0,1169.8095238095239
21110,21110,329,1,0,37,21,2818.0,1179.8095238095239
21120,21120,329,0,0,37,21,2828.0,1189.8095238095239
21130,21130,329,0,0,37,21,2838.0,1199.8095238095239
21140,21140,329,0,0,37,21,2848.0,1209.8095238095239
21150,21150,329,0,0,37,22,2858.0,1164.409090909091
21160,21160,329,0,0,37,23,2868.0,1123.3478260869565
21170,21170,329,0,0,37,23,2878.0,1133.3478260869565
21180,21180,329,0,1,37,23,2888.0,1143.3478260869565
21190,21190,329,0,0,37,23,2898.0,1153.3478260869565
21200,21200,329,1,0,37,23,2908.0,1163.3478260869565
21210,21210,329,0,0,37,23,2918.0,1173.3478260869565
21220,21220,329,0,0,37,23,2928.0,1183.3478260869565
21230,21230,350,0,1,37,23,2938.0,1193.3478260869565
21240,21240,350,0,0,37,23,2948.0,1203.3478260869565
21250,21250,350,1,0,37,23,2958.0,1213.3478260869565
21260,21260,350,0,0,37,23,2968.0,1223.3478260869565
21270,21270,350,0,0,37,23,2978.0,1233.3478260869565
21280,21280,350,0,0,37,23,2988.0,1243.3478260869565
21290,21290,350,0,0,37,23,2998.0,1253.3478260869565
21300,21300,350,0,0,37,23,3008.0,1263.3478260869565
21310,21310,350,0,0,37,23,3018.0,1220.2916666666667
21320,21320,350,0,1,37,24,3028.0,1230.25
21330,21330,350,0,0,37,24,3038.0,1240.25
21340,21340,350,1,0,37,24,3048.0,1250.25
21350,21350,350,0,0,37,25,3058.0,1209.96
21360,21360,350,0,0,37,25,3068.0,1219.96
21370,21370,350,0,0,37,25,3078.0,1229.96
21380,21380,350,0,0,37,25,3088.0,1239.96
21390,21390,350,0,0,37,25,3098.0,1249.96
21400,21400,350,0,0,37,25,3108.0,1259.96
21410,21410,350,0,1,37,25,3118.0,1269.96
21420,21420,350,0,0,37,25,3128.0,1279.96
21430,21430,350,1,0,37,25,3138.0,1289.96
21440,21440,371,0,0,37,25,3148.0,1299.96
21450,21450,371,0,0,37,25,3158.0,1309.96
21460,21460,371,0,1,37,25,3168.0,1319.96
21470,21470,371,0,0,37,25,3178.0,1329.96
21480,21480,371,1,0,37,25,3188.0,1339.96
21490,21490,371,0,0,37,25,3198.0,1349.96
21500,21500,371,0,0,37,25,3208.0,1359.96
21510,21510,371,0,0,37,25,3218.0,1369.96
21520,21520,371,0,0,37,25,3228.0,1379.96
21530,21530,371,0,0,37,25,3238.0,1389.96
21540,21540,371,0,0,37,25,3248.0,1399.96
21550,21550,371,0,1,37,25,3258.0,1409.96
21560,21560,371,0,0,37,25,3268.0,1419.96
21570,21570,371,1,0,37,25,3278.0,1429.96
21580,21580,371,0,0,37,25,3288.0,1439.96
21590,21590,370,0,0,37,25,3298.0,1449.96
21600,21600,370,0,0,37,25,3308.0,1459.96
21610,21610,370,0,0,37,25,3318.0,1469.96
21620,21620,370,0,0,37,25,3328.0,1479.96
21630,21630,370,0,0,37,25,3338.0,1489.96
21640,21640,370,0,1,37,25,3348.0,1499.96
21650,21650,391,0,0,37,25,3358.0,1509.96
21660,21660,391,1,0,37,25,3368.0,1519.96
21670,21670,391,0,0,37,25,3378.0,1529.96
21680,21680,391,0,0,37,25,3388.0,1539.96
21690,21690,391,0,1,37,25,3398.0,1549.96
21700,21700,391,0,0,37,25,3408.0,1559.96
21710,21710,391,1,0,37,25,3418.0,1569.96
21720,21720,391,0,0,37,25,3428.0,1579.96
21730,21730,391,0,0,37,25,3438.0,1589.96
21740,21740,391,0,0,37,25,3448.0,1599.96
21750,21750,391,0,0,37,25,3458.0,1609.96
21760,21760,391,0,0,37,25,3468.0,1619.96
21770,21770,391,0,0,37,25,3478.0,1629.96
21780,21780,391,0,1,37,25,3488.0,1639.96
21790,21790,391,0,0,37,25,3498.0,1649.96
21800,21800,391,1,0,37,25,3508.0,1659.96
21810,21810,391,0,0,37,25,3518.0,1669.96
21820,21820,391,0,0,37,25,3528.0,1679.96
21830,21830,391,0,0,37,25,3538.0,1689.96
21840,21840,391,0,0,37,25,3548.0,1699.96
21850,21850,391,0,0,37,25,3558.0,1709.96
21860,21860,412,0,0,37,25,3568.0,1719.96
21870,21870,412,0,1,37,25,3578.0,1729.96
21880,21880,412,0,0,37,25,3588.0,1739.96
21890,21890,412,1,0,37,25,3598.0,1749.96
21900,21900,412,0,0,37,25,3608.0,1759.96
21910,21910,412,0,0,37,25,3618.0,1769.96
21920,21920,412,0,1,37,25,3628.0,1779.96
21930,21930,412,0,0,37,25,3638.0,1789.96
21940,21940,412,1,0,37,25,3648.0,1799.96
21950,21950,412,0,0,37,25,3658.0,1809.96
21960,21960,412,0,0,37,25,3668.0,1819.96
21970,21970,412,0,0,37,25,3678.0,1829.96
21980,21980,412,0,0,37,25,3688.0,1839.96
21990,21990,412,0,0,37,25,3698.0,1849.96
22000,22000,412,0,0,37,25,3708.0,1859.96
22010,22010,412,0,1,37,25,3718.0,1869.96
22020,22020,412,0,0,37,25,3728.0,1879.96
22030,22030,412,1,0,37,25,3738.0,1889.96
22040,22040,412,0,0,37,25,3748.0,1899.96
22050,22050,412,0,0,37,25,3758.0,1909.96
22060,22060,412,0,0,37,25,3768.0,1919.96
22070,22070,433,0,0,37,25,3778.0,1929.96
22080,22080,433,0,0,37,25,3788.0,1939.96
22090,22090,433,0,0,37,25,3798.0,1949.96
22100,22100,433,0,1,37,25,3808.0,1959.96
22110,22110,433,0,0,37,25,3818.0,1969.96
22120,22120,433,1,0,37,25,3828.0,1979.96
22130,22130,433,0,0,37,25,3838.0,1989.96
22140,22140,433,0,0,37,25,3848.0,1999.96
22150,22150,433,0,1,37,25,3858.0,2009.96
22160,22160,433,0,0,37,25,3868.0,2019.96
22170,22170,433,1,0,37,26,3878.0,1951.923076923077
22180,22180,433,0,0,37,26,3888.0,1961.923076923077
22190,22190,433,0,0,37,26,3898.0,1971.923076923077
22200,22200,433,0,0,37,26,3908.0,1981.923076923077
22210,22210,433,0,0,37,26,3918.0,1991.923076923077
22220,22220,433,0,0,37,26,3928.0,2001.923076923077
22230,22230,433,0,0,37,27,3938.0,1937.5555555555557
22240,22240,433,0,1,37,27,3948.0,1947.5555555555557
22250,22250,433,0,0,37,27,3958.0,1957.5555555555557
22260,22260,433,1,0,37,27,3968.0,1967.5555555555557
22270,22270,433,0,0,37,27,3978.0,1977.5555555555557
22280,22280,454,0,0,37,27,3988.0,1987.5555555555557
22290,22290,454,0,0,37,27,3998.0,1997.5555555555557
22300,22300,454,0,0,37,27,4008.0,2007.5555555555557
22310,22310,454,0,0,37,27,4018.0,2017.5555555555557
22320,22320,454,0,0,37,27,4028.0,2027.5555555555557
22330,22330,454,0,1,37,27,4038.0,2037.5555555555557
22340,22340,454,0,0,37,27,4048.0,2047.5555555555557
22350,22350,454,1,0,37,27,4058.0,2057.5555555555557
22360,22360,454,0,0,37,27,4068.0,2067.5555555555557
22370,22370,454,0,0,37,27,4078.0,2077.5555555555557
22380,22380,454,0,1,37,27,4088.0,2087.5555555555557
22390,22390,454,0,0,37,27,4098.0,2097.5555555555557
22400,22400,454,1,0,37,27,4108.0,2107.5555555555557
22410,22410,454,0,0,37,27,4118.0,2117.5555555555557
22420,22420,454,0,0,37,27,4128.0,2127.5555555555557
22430,22430,454,0,0,37,27,4138.0,2137.5555555555557
22440,22440,454,0,0,41,27,3744.0975609756097,2147.5555555555557
22450,22450,454,2,0,41,27,3754.0975609756097,2157.5555555555557
22460,22460,454,2,0,41,27,3764.0975609756097,2167.5555555555557
22470,22470,454,2,1,41,27,3774.0975609756097,2177.5555555555557
22480,22480,454,2,2,41,27,3784.0975609756097,2187.5555555555557
22490,22490,475,3,2,41,27,3794.0975609756097,2197.5555555555557
22500,22500,475,2,2,41,27,3804.0975609756097,2207.5555555555557
22510,22510,475,2,2,41,27,3814.0975609756097,2217.5555555555557
22520,22520,475,2,2,41,27,3824.0975609756097,2227.5555555555557
22530,22530,475,2,2,41,27,3834.0975609756097,2237.5555555555557
22540,22540,475,0,0,41,27,3844.0975609756097,2247.5555555555557
22550,22550,475,0,0,41,27,3854.0975609756097,2257.5555555555557
22560,22560,475,0,0,41,27,3864.0975609756097,2267.5555555555557
22570,22570,474,0,0,41,27,3874.0975609756097,2277.5555555555557
22580,22580,474,1,1,41,27,3884.0975609756097,2287.5555555555557
22590,22590,474,0,0,41,27,3894.0975609756097,2297.5555555555557
22600,22600,474,0,0,41,27,3904.0975609756097,2307.5555555555557
22610,22610,474,0,0,41,27,3914.0975609756097,2317.5555555555557
22620,22620,474,0,0,41,27,3924.0975609756097,2327.5555555555557
22630,22630,474,1,1,41,27,3934.0975609756097,2337.5555555555557
22640,22640,474,2,2,41,27,3944.0975609756097,2347.5555555555557
22650,22650,474,2,2,41,27,3954.0975609756097,2357.5555555555557
22660,22660,474,2,2,41,27,3964.0975609756097,2367.5555555555557
22670,22670,474,2,2,41,27,3974.0975609756097,2377.5555555555557
22680,22680,474,2,2,41,27,3984.0975609756097,2387.5555555555557
22690,22690,474,2,2,41,27,3994.0975609756097,2397.5555555555557
22700,22700,495,2,2,41,27,4004.0975609756097,2407.5555555555557
22710,22710,495,2,2,41,27,4014.0975609756097,2417.5555555555557
22720,22720,495,3,3,41,27,4024.0975609756097,2427.5555555555557
22730,22730,495,0,0,41,27,4034.0975609756097,2437.5555555555557
22740,22740,495,0,0,41,27,4044.0975609756097,2447.5555555555557
22750,22750,495,0,0,41,27,4054.0975609756097,2457.5555555555557
22760,22760,495,0,0,41,27,4064.0975609756097,2467.5555555555557
22770,22770,495,0,0,41,27,4074.0975609756097,2477.5555555555557
22780,22780,495,0,0,41,27,4084.0975609756097,2487.5555555555557
22790,22790,495,0,0,41,28,4094.0975609756097,2408.6071428571427
22800,22800,495,0,0,41,28,4104.09756097561,2418.6071428571427
22810,22810,495,1,1,41,28,4114.09756097561,2428.6071428571427
22820,22820,495,2,0,41,28,4124.09756097561,2438.6071428571427
22830,22830,495,2,0,41,28,4134.09756097561,2448.6071428571427
22840,22840,495,2,0,41,28,4144.09756097561,2458.6071428571427
22850,22850,495,2,0,41,28,4154.09756097561,2468.6071428571427
22860,22860,495,3,1,41,28,4164.09756097561,2478.6071428571427
22870,22870,495,2,0,41,28,4174.09756097561,2488.6071428571427
22880,22880,494,2,0,41,28,4184.09756097561,2498.6071428571427
22890,22890,494,2,0,41,28,4194.09756097561,2508.6071428571427
22900,22900,494,2,0,41,28,4204.09756097561,2518.6071428571427
22910,22910,515,0,0,41,28,4214.09756097561,2528.6071428571427
22920,22920,515,0,0,41,28,4224.09756097561,2538.6071428571427
22930,22930,515,0,0,41,28,4234.09756097561,2548.6071428571427
22940,22940,515,0,0,41,28,4244.09756097561,2558.6071428571427
22950,22950,515,1,1,41,28,4254.09756097561,2568.6071428571427
22960,22960,515,0,0,41,28,4264.09756097561,2578.6071428571427
22970,22970,515,0,0,41,28,4274.09756097561,2588.6071428571427
22980,22980,515,0,0,41,28,4284.09756097561,2598.6071428571427
22990,22990,515,0,0,41,28,4294.09756097561,2608.6071428571427
23000,23000,515,2,0,41,28,4304.09756097561,2618.6071428571427
23010,23010,515,2,0,41,28,4314.09756097561,2628.6071428571427
23020,23020,515,2,0,41,28,4324.09756097561,2638.6071428571427
23030,23030,515,2,0,41,28,4334.09756097561,2648.6071428571427
23040,23040,515,3,1,41,28,4344.09756097561,2658.6071428571427
23050,23050,515,2,0,41,28,4354.09756097561,2668.6071428571427
23060,23060,515,2,0,41,28,4364.09756097561,2678.6071428571427
23070,23070,515,2,0,41,28,4374.09756097561,2688.6071428571427
23080,23080,515,2,0,41,28,4384.09756097561,2698.6071428571427
23090,23090,515,3,1,41,28,4394.09756097561,2708.6071428571427
23100,23100,515,0,0,41,28,4404.09756097561,2718.6071428571427
23110,23110,515,0,0,41,28,4414.09756097561,2728.6071428571427
23120,23120,536,0,0,41,28,4424.09756097561,2738.6071428571427
23130,23130,536,0,0,41,28,4434.09756097561,2748.6071428571427
23140,23140,536,0,0,41,28,4444.09756097561,2758.6071428571427
23150,23150,536,0,0,41,28,4454.09756097561,2768.6071428571427
23160,23160,536,0,0,41,28,4464.09756097561,2778.6071428571427
23170,23170,536,0,0,41,28,4474.09756097561,2788.6071428571427
23180,23180,536,1,1,41,28,4484.09756097561,2798.6071428571427
23190,23190,536,2,0,41,28,4494.09756097561,2808.6071428571427
23200,23200,536,2,0,41,28,4504.09756097561,2818.6071428571427
23210,23210,536,2,0,41,28,4514.09756097561,2828.6071428571427
23220,23220,536,2,0,41,28,4524.09756097561,2838.6071428571427
23230,23230,536,2,0,41,28,4534.09756097561,2848.6071428571427
23240,23240,536,2,0,41,28,4544.09756097561,2858.6071428571427
23250,23250,536,2,0,41,28,4554.09756097561,2868.6071428571427
23260,23260,536,2,0,41,28,4564.09756097561,2878.6071428571427
23270,23270,536,3,1,41,28,4574.09756097561,2888.6071428571427
23280,23280,536,0,0,41,28,4584.09756097561,2898.6071428571427
23290,23290,536,0,0,41,28,4594.09756097561,2908.6071428571427
23300,23300,536,0,0,41,28,4604.09756097561,2918.6071428571427
23310,23310,536,0,0,41,28,4614.09756097561,2928.6071428571427
23320,23320,536,1,1,41,28,4624.09756097561,2938.6071428571427
23330,23330,557,0,0,41,28,4634.09756097561,2948.6071428571427
23340,23340,557,0,0,41,28,4644.09756097561,2958.6071428571427
23350,23350,557,0,0,41,28,4654.09756097561,2968.6071428571427
23360,23360,557,0,0,41,28,4664.09756097561,2978.6071428571427
23370,23370,557,2,0,41,28,4674.09756097561,2988.6071428571427
23380,23380,557,2,0,41,28,4684.09756097561,2998.6071428571427
23390,23390,557,2,0,41,28,4694.09756097561,3008.6071428571427
23400,23400,557,2,0,41,28,4704.09756097561,3018.6071428571427
23410,23410,557,3,1,41,28,4714.09756097561,3028.6071428571427
23420,23420,557,2,0,41,28,4724.09756097561,3038.6071428571427
23430,23430,557,2,0,41,28,4734.09756097561,3048.6071428571427
23440,23440,557,2,0,41,28,4744.09756097561,3058.6071428571427
23450,23450,557,2,0,41,28,4754.09756097561,3068.6071428571427
23460,23460,557,0,0,41,28,4764.09756097561,3078.6071428571427
23470,23470,557,0,0,41,28,4774.09756097561,3088.6071428571427
23480,23480,557,0,0,41,28,4784.09756097561,3098.6071428571427
23490,23490,557,0,0,41,28,4794.09756097561,3108.6071428571427
23500,23500,557,1,1,41,28,4804.09756097561,3118.6071428571427
23510,23510,557,0,0,41,28,4814.09756097561,3128.6071428571427
23520,23520,557,0,0,41,28,4824.09756097561,3138.6071428571427
23530,23530,557,0,0,41,28,4834.09756097561,3148.6071428571427
23540,23540,578,0,0,41,28,4844.09756097561,3158.6071428571427
23550,23550,578,1,1,41,28,4854.09756097561,3168.6071428571427
23560,23560,578,2,0,41,28,4864.09756097561,3178.6071428571427
23570,23570,578,2,0,41,28,4874.09756097561,3188.6071428571427
23580,23580,578,2,0,41,28,4884.09756097561,3198.6071428571427
23590,23590,578,2,0,41,28,4894.09756097561,3208.6071428571427
23600,23600,578,2,0,41,28,4904.09756097561,3218.6071428571427
23610,23610,578,2,0,41,28,4914.09756097561,3228.6071428571427
23620,23620,578,2,0,41,28,4924.09756097561,3238.6071428571427
23630,23630,578,2,0,41,28,4934.09756097561,3136.5862068965516
23640,23640,578,3,1,41,29,4944.09756097561,3146.5172413793102
23650,23650,578,0,0,41,29,4954.09756097561,3156.5172413793102
23660,23660,578,0,0,41,29,4964.09756097561,3166.5172413793102
23670,23670,578,0,0,41,29,4974.09756097561,3176.5172413793102
23680,23680,578,0,0,41,29,4984.09756097561,3186.5172413793102
23690,23690,578,0,0,41,29,4994.09756097561,3196.5172413793102
23700,23700,578,0,0,41,29,5004.09756097561,3206.5172413793102
23710,23710,578,0,0,41,29,5014.09756097561,3216.5172413793102
23720,23720,578,0,0,41,29,5024.09756097561,3226.5172413793102
23730,23730,578,1,1,41,29,5034.09756097561,3236.5172413793102
23740,23740,578,2,0,41,29,5044.09756097561,3246.5172413793102
23750,23750,599,2,0,41,29,5054.09756097561,3256.5172413793102
23760,23760,599,2,0,41,29,5064.09756097561,3266.5172413793102
23770,23770,599,2,0,41,29,5074.09756097561,3276.5172413793102
23780,23780,599,3,1,41,29,5084.09756097561,3286.5172413793102
23790,23790,599,2,0,41,29,5094.09756097561,3296.5172413793102
23800,23800,599,2,0,41,29,5104.09756097561,3306.5172413793102
23810,23810,599,2,0,41,29,5114.09756097561,3316.5172413793102
23820,23820,599,2,0,41,29,5124.09756097561,3326.5172413793102
23830,23830,599,0,0,41,29,5134.09756097561,3336.5172413793102
23840,23840,599,0,0,41,29,5144.09756097561,3346.5172413793102
23850,23850,599,0,0,41,29,5154.09756097561,3356.5172413793102
23860,23860,599,0,0,41,29,5164.09756097561,3366.5172413793102
23870,23870,599,1,1,41,29,5174.09756097561,3376.5172413793102
23880,23880,599,0,0,41,29,5184.09756097561,3386.5172413793102
23890,23890,599,0,0,41,29,5194.09756097561,3396.5172413793102
23900,23900,599,0,0,41,29,5204.09756097561,3406.5172413793102
23910,23910,599,0,0,41,29,5214.09756097561,3416.5172413793102
23920,23920,599,2,0,41,29,5224.09756097561,3426.5172413793102
23930,23930,599,2,0,41,29,5234.09756097561,3436.5172413793102
23940,23940,599,2,0,41,29,5244.09756097561,3446.5172413793102
23950,23950,599,2,0,41,29,5254.09756097561,3456.5172413793102
23960,23960,620,3,1,41,29,5264.09756097561,3466.5172413793102
23970,23970,620,2,0,41,29,5274.09756097561,3476.5172413793102
23980,23980,620,2,0,41,29,5284.09756097561,3486.5172413793102
23990,23990,620,2,0,41,29,5294.09756097561,3496.5172413793102
24000,24000,620,2,0,41,29,5304.09756097561,3506.5172413793102
24010,24010,620,3,1,41,29,5314.09756097561,3516.5172413793102
24020,24020,620,0,0,41,29,5324.09756097561,3526.5172413793102
24030,24030,620,0,0,41,29,5334.09756097561,3536.5172413793102
24040,24040,620,0,0,41,29,5344.09756097561,3546.5172413793102
24050,24050,620,0,0,41,29,5354.09756097561,3556.5172413793102
24060,24060,620,0,0,41,29,5364.09756097561,3566.5172413793102
24070,24070,620,0,0,41,29,5374.09756097561,3576.5172413793102
24080,24080,620,0,0,41,29,5384.09756097561,3586.5172413793102
24090,24090,620,0,0,41,29,5394.09756097561,3596.5172413793102
24100,24100,620,1,1,41,29,5404.09756097561,3606.5172413793102
24110,24110,620,2,0,41,29,5414.09756097561,3616.5172413793102
24120,24120,620,2,0,41,29,5424.09756097561,3626.5172413793102
24130,24130,620,2,0,41,29,5434.09756097561,3636.5172413793102
24140,24140,620,2,0,41,29,5444.09756097561,3646.5172413793102
24150,24150,620,2,0,41,29,5454.09756097561,3656.5172413793102
24160,24160,620,2,0,41,29,5464.09756097561,3666.5172413793102
24170,24170,641,2,0,41,29,5474.09756097561,3676.5172413793102
24180,24180,641,2,0,41,29,5484.09756097561,3686.5172413793102
24190,24190,641,3,1,41,29,5494.09756097561,3696.5172413793102
24200,24200,641,0,0,41,29,5504.09756097561,3706.5172413793102
24210,24210,641,0,0,41,29,5514.09756097561,3716.5172413793102
24220,24220,641,0,0,41,29,5524.09756097561,3726.5172413793102
24230,24230,641,0,0,41,29,5534.09756097561,3736.5172413793102
24240,24240,641,1,1,41,29,5544.09756097561,3746.5172413793102
24250,24250,641,0,0,41,29,5554.09756097561,3756.5172413793102
24260,24260,641,0,0,41,29,5564.09756097561,3766.5172413793102
24270,24270,641,0,0,41,29,5574.09756097561,3776.5172413793102
24280,24280,641,0,0,41,29,5584.09756097561,3786.5172413793102
24290,24290,641,2,0,41,29,5594.09756097561,3796.5172413793102
24300,24300,641,2,0,41,29,5604.09756097561,3806.5172413793102
24310,24310,641,2,0,41,29,5614.09756097561,3816.5172413793102
24320,24320,641,2,0,41,29,5624.09756097561,3826.5172413793102
24330,24330,641,3,1,41,29,5634.09756097561,3836.5172413793102
24340,24340,641,2,0,41,29,5644.09756097561,3846.5172413793102
24350,24350,641,2,0,41,29,5654.09756097561,3856.5172413793102
24360,24360,641,2,0,41,29,5664.09756097561,3866.5172413793102
24370,24370,641,2,0,41,29,5674.09756097561,3876.5172413793102
24380,24380,662,0,0,41,29,5684.09756097561,3886.5172413793102
24390,24390,662,0,0,41,29,5694.09756097561,3896.5172413793102
24400,24400,662,0,0,41,29,5704.09756097561,3906.5172413793102
24410,24410,662,0,0,41,29,5714.09756097561,3916.5172413793102
24420,24420,662,1,1,41,29,5724.09756097561,3926.5172413793102
24430,24430,662,0,0,41,29,5734.09756097561,3936.5172413793102
24440,24440,662,0,0,41,29,5744.09756097561,3946.5172413793102
24450,24450,662,0,0,41,29,5754.09756097561,3956.5172413793102
24460,24460,662,0,0,41,29,5764.09756097561,3966.5172413793102
24470,24470,662,1,1,41,29,5774.09756097561,3976.5172413793102
24480,24480,662,2,0,41,29,5784.09756097561,3986.5172413793102
24490,24490,662,2,0,41,29,5794.09756097561,3996.5172413793102
24500,24500,662,2,0,41,29,5804.09756097561,4006.5172413793102
24510,24510,662,2,0,41,29,5814.09756097561,4016.5172413793102
24520,24520,662,2,0,41,29,5824.09756097561,4026.5172413793102
24530,24530,662,2,0,41,29,5834.09756097561,4036.5172413793102
24540,24540,662,2,0,41,29,5844.09756097561,4046.5172413793102
24550,24550,662,2,0,41,29,5854.09756097561,4056.5172413793102
24560,24560,662,3,1,41,29,5864.09756097561,4066.5172413793102
24570,24570,662,0,0,41,29,5874.09756097561,4076.5172413793102
24580,24580,662,0,0,41,29,5884.09756097561,4086.5172413793102
24590,24590,683,0,0,41,29,5894.09756097561,4096.517241379311
24600,24600,683,0,0,41,29,5904.09756097561,4106.517241379311
24610,24610,683,0,0,41,29,5914.09756097561,4116.517241379311
24620,24620,683,0,0,41,29,5924.09756097561,4126.517241379311
24630,24630,683,0,0,41,29,5934.09756097561,4136.517241379311
24640,24640,683,0,0,41,29,5944.09756097561,4146.517241379311
24650,24650,683,1,1,41,29,5954.09756097561,4156.517241379311
24660,24660,683,2,0,41,29,5964.09756097561,4166.517241379311
24670,24670,683,2,0,41,29,5974.09756097561,4176.517241379311
24680,24680,683,2,0,41,29,5984.09756097561,4186.517241379311
24690,24690,683,2,0,41,29,5994.09756097561,4196.517241379311
24700,24700,683,3,1,41,29,6004.09756097561,4206.517241379311
24710,24710,683,2,0,41,29,6014.09756097561,4216.517241379311
24720,24720,683,2,0,41,29,6024.09756097561,4226.517241379311
24730,24730,683,2,0,41,29,6034.09756097561,4236.517241379311
24740,24740,683,2,0,41,29,6044.09756097561,4246.517241379311
24750,24750,683,0,0,41,29,6054.09756097561,4256.517241379311
24760,24760,683,0,0,41,29,6064.09756097561,4266.517241379311
24770,24770,683,0,0,41,29,6074.09756097561,4276.517241379311
24780,24780,683,0,0,41,29,6084.09756097561,4286.517241379311
24790,24790,683,1,1,41,29,6094.09756097561,4296.517241379311
24800,24800,704,0,0,41,29,6104.09756097561,4306.517241379311
24810,24810,704,0,0,41,29,6114.09756097561,4316.517241379311
24820,24820,704,0,0,41,29,6124.09756097561,4326.517241379311
24830,24830,704,0,0,41,29,6134.09756097561,4336.517241379311
24840,24840,704,2,0,41,29,6144.09756097561,4346.517241379311
24850,24850,704,2,0,41,29,6154.09756097561,4356.517241379311
24860,24860,704,2,0,41,29,6164.09756097561,4366.517241379311
24870,24870,704,2,0,41,29,6174.09756097561,4376.517241379311
24880,24880,704,3,1,41,29,6184.09756097561,4386.517241379311
24890,24890,704,2,0,41,29,6194.09756097561,4396.517241379311
24900,24900,704,2,0,41,29,6204.09756097561,4406.517241379311
24910,24910,704,2,0,41,29,6214.09756097561,4416.517241379311
24920,24920,704,2,0,41,29,6224.09756097561,4426.517241379311
